gene,count_cancer,count_normal,S(gene),count_total
TSPAN32,6,11,290.8941251,17
TPSD1,1,5,280.1202208,6
ANKRD2,5,7,188.3993702,12
MEIS3,1,3,179.8171539,4
CD300A,12,22,168.0557951,34
CYP4F35P,1,11,155.2794361,12
CDH16,14,34,140.0367759,48
CNIH2,15,39,131.0215419,54
CCDC144NL-AS1,2,5,130.4088603,7
LINC00304,1,3,120.8102722,4
WNK4,1,16,119.0967398,17
KCNK3,2,3,117.8979034,5
NLRC3,3,6,115.9866892,9
LRRC55,1,2,115.2216822,3
CD300C,3,14,112.1264877,17
SLC25A34,3,8,111.9405566,11
HSPB7,6,9,111.6177261,15
TMEM204,1,2,110.3600438,3
RHBDL3,2,3,108.6223679,5
KNDC1,32,124,107.8542472,156
FAM41C,30,50,107.700379,80
HS3ST6,25,44,106.0928579,69
PKDCC,9,13,103.6149913,22
RASA3,10,39,103.5091223,49
CLCNKA,5,10,103.5024134,15
NHLRC4,8,93,102.0226964,101
RBFOX3,1,2,101.2310969,3
TEKT4,17,92,100.8980347,109
SERPINF2,70,132,99.88697875,202
SLC6A12,1,6,99.43547058,7
LINC01135,2,3,97.28712921,5
CEACAM4,16,43,96.55056763,59
EFNB3,19,51,95.77784282,70
ZNF213-AS1,28,44,94.73038917,72
LYL1,34,46,94.6128891,80
ZNF232,32,58,94.25271547,90
TTC34,8,24,92.79586816,32
FUOM,75,105,89.67253414,180
RAMP2-AS1,3,4,88.14392417,7
KRT79,1,2,86.86616262,3
GNB3,1,2,86.47983551,3
ASPRV1,3,4,85.55693817,7
ZNF132,3,5,84.604146,8
GATA6-AS1,15,37,84.32831031,52
PYY,1,3,84.06756592,4
GAS8,115,153,83.1802205,268
TTC39A,143,224,83.05182849,367
HES2,13,51,82.26722944,64
C11orf21,5,12,81.30290716,17
INCA1,10,19,81.03513297,29
CCDC78,23,211,79.00144323,234
NAALADL1,5,17,76.10175219,22
WDR90,83,114,75.12467693,197
HAS1,2,4,74.34903463,6
MT1H,2,4,74.11977514,6
SZT2-AS1,1,2,74.0154597,3
SEMA6B,6,9,72.4901652,15
SIGLEC9,2,13,72.45783132,15
TNNT3,9,35,70.49598052,44
ATP2A3,32,62,70.28103232,94
ART5,3,4,70.0674215,7
CIDEB,16,52,69.14726717,68
LINC01089,31,50,68.63131591,81
TMEM147-AS1,13,22,67.2793008,35
SFRP5,15,97,66.62534496,112
BRSK2,6,8,65.02677863,14
DNAH2,53,102,64.37767811,155
TP73,24,77,64.30662287,101
ACAP1,35,106,64.16391862,141
SCGB1B2P,11,16,63.6224888,27
GALNS,77,125,63.0815469,202
UTF1,1,7,62.98605299,8
ARHGAP9,16,26,62.97931726,42
ITGA5,18,28,62.60755804,46
INAFM2,42,74,61.56434539,116
SLFNL1,10,52,61.03751952,62
PLIN4,6,11,60.66905841,17
PSD,17,27,60.44473804,44
ABCC6,201,271,59.36450187,472
NOXO1,37,91,58.72821259,128
CPAMD8,76,143,57.57329963,219
YPEL4,2,3,55.48287811,5
RRAD,348,506,55.08924627,854
BAIAP3,29,76,54.56096355,105
CACNG8,2,9,54.07528548,11
GPRIN2,42,103,53.82884122,145
TNNI2,59,78,53.36738909,137
PITPNM3,61,93,53.00168942,154
NOTUM,8,49,52.08292596,57
SLC7A6,80,129,51.60648561,209
TNS2,127,195,51.55645577,322
AJAP1,1,9,51.42282066,10
KLHL29,25,55,51.35303736,80
PRDM11,22,37,50.6288778,59
PRCD,2,5,50.44027819,7
AP3B2,2,7,50.12217119,9
IFFO1,2,13,49.22108053,15
SLC4A8,27,64,48.82522407,91
TRPV4,32,48,48.71519551,80
C2orf81,30,86,48.48355694,116
B3GNT9,45,70,48.3878691,115
ATP6V0C,1,6,48.29548754,7
TBX21,2,5,47.45962415,7
SMTNL2,2,16,47.17902798,18
PTPN7,11,18,47.06587351,29
ACSM3,91,132,46.71283934,223
LINC00482,12,23,46.70458984,35
NPHP4,46,61,46.62394864,107
RUSC1-AS1,5,8,46.55447799,13
RPH3AL,132,173,44.98352504,305
PPP1R1A,1,12,44.28625723,13
DLG4,11,32,44.14787115,43
ADCY7,49,142,43.46709274,191
TRIM58,3,9,42.44633993,12
PLPPR3,1,54,42.365625,55
LLGL1,17,27,41.43524803,44
SRD5A2,6,49,41.12520599,55
SDK2,6,9,40.47436981,15
IGSF9B,4,6,40.23503723,10
CSMD2,4,8,40.01088905,12
PRIMA1,3,6,38.38261922,9
SFTPD,552,848,38.08833208,1400
RPRML,1,2,37.73412832,3
VSTM4,18,46,37.66346896,64
LINC01139,1,4,37.40867462,5
HYPK,27,38,37.11074935,65
LILRA2,4,13,36.94067832,17
PHGDH,66,128,36.81184843,194
IGFALS,12,22,36.80948123,34
EDC4,1,3,36.70351219,4
CFAP46,16,117,36.15399933,133
TNS4,12,16,36.10389791,28
C1QTNF4,3,20,35.45082623,23
PDE1B,4,7,35.44780731,11
ACVRL1,6,32,35.44135967,38
ADD2,2,3,35.33284454,5
ARHGEF4,14,37,35.16493943,51
NEURL1,2,4,35.01275508,6
EFS,28,41,34.90475044,69
C16orf86,18,33,34.78340224,51
SLC27A3,141,250,34.29455153,391
ST3GAL2,37,52,34.19908806,89
HIPK1-AS1,20,34,34.1979202,54
TM6SF1,9,24,34.05765348,33
MEIOC,4,9,34.0106342,13
GRIN3B,15,95,33.96953153,110
C11orf96,466,680,33.92788749,1146
JMJD7-PLA2G4B,3,7,33.74940262,10
LPXN,45,79,33.02415171,124
PLD6,29,42,32.90662846,71
STOX1,36,108,32.89336175,144
NPR1,43,68,32.82376057,111
ZAP70,6,20,32.71706772,26
CORO6,2,3,32.33779831,5
SLC27A5,55,108,32.09069085,163
SHISA9,3,6,32.05415599,9
NPIPA3,1,3,31.47434616,4
KANK3,7,12,31.06925201,19
SYNDIG1L,11,43,30.9975309,54
LOXL3,1,4,30.72553711,5
MATN1,1,2,30.55845896,3
PLEKHH1,9,23,30.4408071,32
MATK,5,29,30.39531685,34
MORN1,38,114,30.32420515,152
MERTK,50,72,30.2708198,122
FOXN1,3,4,30.12883868,7
ZNF469,2,13,30.05900472,15
PPP2R5B,55,86,30.05788281,141
NRGN,282,504,30.03353995,786
NR0B2,65,153,29.97964047,218
CA12,94,150,29.82899123,244
MSI1,8,15,29.50324316,23
KRT5,2,11,29.40188423,13
LTB4R2,4,24,29.3916457,28
RABEP1,152,198,29.35570516,350
FBN3,2,9,29.24183031,11
FXR2,104,145,29.1478816,249
PIEZO2,2,3,29.00182343,5
ADAMTSL4,22,66,28.75688813,88
DOC2A,18,82,28.41074074,100
ADGRG5,1,3,27.98074341,4
ABR,129,185,27.42519384,314
UNC5B,24,40,27.34536207,64
SYNE3,10,57,26.79303206,67
TSPAN11,3,23,26.77982389,26
ZNF541,1,2,26.7740949,3
SOX15,5,8,26.6587008,13
ZMYND12,22,99,26.6353826,121
CES2,191,253,26.40050622,444
REM2,19,30,26.36888325,49
CDKL4,5,8,26.29398581,13
FHOD3,15,34,26.17897594,49
TMEM107,116,278,26.08185395,394
GNGT2,5,10,25.78603261,15
FOXJ1,184,245,25.76608253,429
SLC13A2,5,19,25.4398845,24
ZNF385A,42,65,25.42506394,107
ENKD1,103,171,25.29628748,274
SLAMF8,7,13,25.06305313,20
RASGRP2,14,46,24.88301074,60
SGPP1,78,124,24.75994208,202
PCSK4,33,55,24.40425054,88
ZNF763,6,14,24.27644958,20
KLK13,2,27,23.81172206,29
TDRD9,2,5,23.60435268,7
MIEF2,52,79,23.44840593,131
CCDC33,3,64,23.42020143,67
LIN7B,60,100,23.32061596,160
EPOR,102,147,22.86091142,249
TACR1,2,10,22.83457057,12
S1PR5,4,20,22.82568614,24
FBXW8,40,60,22.4900145,100
DTX3,95,136,22.47451049,231
DEGS2,99,183,22.39292751,282
CACNG6,2,52,22.38606064,54
MCF2L-AS1,31,46,22.15129079,77
ABCA10,5,7,21.8906072,12
KCNMA1,21,28,21.85658871,49
RBP7,4,9,21.67751166,13
DUS3L,51,67,21.66001388,118
NATD1,31,67,21.53678279,98
ZIK1,2,3,21.51073456,5
IRX6,39,56,21.31425693,95
SLC5A9,2,8,21.22846832,10
EIF3CL,1,2,21.14877065,3
MYCBPAP,33,97,20.73307624,130
KCTD19,3,5,20.55597305,8
CCDC40,45,98,20.47193605,143
CHP2,1,9,20.4441185,10
SCNN1G,18,46,19.88197565,64
KIF19,5,121,19.81119017,126
IQSEC3,1,4,19.58005676,5
ADGRB2,10,17,19.44087361,27
ZNF497,8,21,19.37975048,29
GPR162,12,132,19.258413,144
HSDL1,74,105,19.09404669,179
MYH3,5,9,19.00969042,14
PAX9,29,45,18.95348193,74
SULT1A2,109,154,18.3629093,263
ATP8A2,149,226,18.34015508,375
XYLT1,2,5,18.27144514,7
RANBP10,46,87,18.25159466,133
FKRP,46,75,18.23050349,121
VWCE,6,8,18.09309442,14
TBC1D10C,20,62,18.0064941,82
CPEB1-AS1,1,2,17.91397858,3
KRTDAP,2,5,17.82667215,7
ZNF709,4,11,17.74673258,15
MZF1-AS1,31,62,17.69940497,93
CD1D,4,15,17.55385549,19
P2RX2,1,2,17.2787145,3
SFMBT2,16,23,17.05687322,39
JPH4,1,3,16.90216637,4
ERN2,11,29,16.80190678,40
SLC16A13,2,5,16.73312269,7
ALPL,233,629,16.61054566,862
IL12RB1,3,16,16.60195762,19
GABARAPL1,281,413,16.3873622,694
CCDC62,1,6,16.30776596,7
SRRM4,2,9,16.26435505,11
FFAR4,1,27,16.07135228,28
FLT1,3,4,16.04090772,7
C1GALT1C1L,2,11,15.56489093,13
SLC14A1,1,4,15.44776917,5
RNU11,7,13,15.35693722,20
BBOF1,75,154,15.30910004,229
NOD2,3,10,15.20335623,13
SCN4B,4,19,15.10835498,23
ADAT3,6,9,14.76189982,15
ZNF439,26,42,14.7423218,68
KAT5,166,227,14.64843071,393
LINC01376,3,6,14.59733836,9
ENO1-AS1,8,15,14.49635016,23
LAG3,43,72,14.31073343,115
TBCEL,50,72,14.22492068,122
MATN3,6,21,14.15948882,27
SCUBE2,37,93,13.99923929,130
TAGLN,59,106,13.9516615,165
ZNF208,1,7,13.83918381,8
ST6GAL2,1,6,13.81817845,7
KCTD14,96,133,13.79602546,229
SLC2A4,1,3,13.74223518,4
ASB2,1,4,13.74038696,5
COX7A1,4,13,13.72023571,17
ANO4,1,5,13.54912059,6
LCAT,23,46,13.41634999,69
ESR2,4,11,12.9743571,15
ADGRD1,108,165,12.90723718,273
PIK3R2,28,39,12.66863239,67
DUOX2,19,32,12.40081024,51
ZNF503-AS2,24,40,12.14712191,64
ZNF808,35,50,11.98652335,85
MRPL53,66,86,11.92529744,152
A2M-AS1,4,10,11.90148326,14
ID2-AS1,3,4,11.8648322,7
EDARADD,5,10,11.82299118,15
DLEU1,63,110,11.62983836,173
PRPF8,244,361,11.36209553,605
POMC,9,23,11.08279109,32
TMEM255B,6,14,11.04442215,20
C19orf54,54,128,10.95435859,182
MVD,206,344,10.8466173,550
OSCAR,11,63,10.81365534,74
NRAV,67,90,10.76721211,157
GPR83,1,2,10.76318359,3
PLXNC1,7,14,10.73139554,21
AXDND1,1,8,10.67406887,9
TEKT2,22,168,10.44268612,190
PPM1E,1,10,10.41392309,11
PIK3R5,6,14,10.39275475,20
FBXW9,92,122,10.3302274,214
PRKCB,9,19,10.26831818,28
KCNQ1DN,1,4,10.22395477,5
TNFSF13,1,3,10.10174751,4
ZNF77,17,28,9.997367605,45
HEYL,3,6,9.950074938,9
ZFP3,8,21,9.904017876,29
EFCAB11,32,49,9.709316866,81
KIF17,2,9,9.693133961,11
CPPED1,46,65,9.646398012,111
LRRC10B,14,135,9.290573223,149
DCHS1,6,8,9.272142683,14
IKZF4,73,136,9.169228002,209
ZNF287,14,21,9.138200596,35
OTOA,3,5,8.979336739,8
REC8,85,153,8.908386359,238
FBXL12,83,118,8.754144355,201
PGS1,114,166,8.541334752,280
RANGRF,231,328,8.423330508,559
RASAL2-AS1,2,4,8.279224396,6
CHST6,14,48,8.263706515,62
ZNF20,25,33,8.238077887,58
B9D2,143,228,8.224629292,371
RHEBL1,13,25,8.188403882,38
PDE8A,101,160,8.140450196,261
ZNF610,5,9,8.139887401,14
ZNF18,13,20,8.070390181,33
ZFHX2,29,52,7.726534902,81
INO80,133,180,7.695194171,313
THEMIS2,33,53,7.560420103,86
MPV17L,12,26,7.259514457,38
MRPL48,188,249,7.225997401,437
LINC00235,1,3,7.132883072,4
ALOX12-AS1,34,51,7.128695679,85
LRRC27,84,154,7.02050177,238
MOK,110,169,7.006000833,279
MZF1,109,157,6.969890681,266
CORO2B,4,24,6.947398049,28
KPNA3,201,301,6.888844562,502
APOA1,9,84,6.862402639,93
DET1,24,34,6.853987727,58
MED25,125,169,6.843287461,294
TTC12,42,70,6.801879202,112
NEK2,11,15,6.763319456,26
TUB,1,29,6.667596944,30
PINLYP,24,50,6.631854186,74
POLD3,79,150,6.372762822,229
TMEM229B,4,6,6.270233154,10
SLC24A4,2,3,5.994573975,5
IGFLR1,14,28,5.800340743,42
ZNF559,39,59,5.734337632,98
C2orf50,6,58,5.641480923,64
COQ10A,68,123,5.58128303,191
ANKRD24,5,7,5.399253209,12
SHMT1,94,174,5.363224755,268
PRMT5-AS1,1,6,5.292297363,7
GEMIN4,42,56,5.245074369,98
SLC6A16,11,41,5.204757104,52
PIGL,43,70,5.151109881,113
CYB5D1,116,164,5.116126878,280
ZNF436-AS1,7,14,5.027167184,21
CD6,13,21,4.933410196,34
LURAP1,11,19,4.869342041,30
CLEC18A,11,20,4.782858572,31
ADAMTSL3,1,4,4.727883911,5
WDR81,58,105,4.693248585,163
SHANK2,108,198,4.660264333,306
EVA1A,293,413,4.635736601,706
RAPGEF3,38,51,4.614882394,89
POU2AF1,4,65,4.572578983,69
SHE,64,95,4.433840482,159
RAB12,30,43,4.410299745,73
CSF3,20,69,4.389031657,89
ZNF844,60,108,4.357041609,168
IQCH,13,43,4.325984274,56
GJA5,1,2,4.30569458,3
PER1,175,365,4.232930643,540
NEK3,37,56,4.219285862,93
TMEM220-AS1,5,13,4.19556978,18
LMOD1,1,2,4.093861898,3
LBHD1,3,4,4.07099969,7
CASC2,29,87,3.744092415,116
LRP8,26,46,3.706024382,72
CLSTN3,138,207,3.699285048,345
TSHZ3,2,7,3.633411831,9
ABCC4,134,185,3.553104269,319
TDRD1,3,7,3.527325439,10
DDHD1,68,95,3.515538736,163
SNX15,1,7,3.472794533,8
GPX7,41,66,3.46844732,107
DIXDC1,45,101,3.401211412,146
CD226,5,14,3.286989714,19
BTBD16,4,8,3.205785116,12
USH1C,3,5,3.105901718,8
ADRA2A,16,21,2.938003952,37
KLF2,297,399,2.809505813,696
TGFBR3,13,73,2.712478194,86
USP21,47,62,2.672090093,109
RCSD1,8,21,2.628186719,29
MED11,172,307,2.553662374,479
CALML4,19,28,2.503916801,47
ZNF544,36,81,2.44457284,117
SLC25A30-AS1,1,2,2.428190867,3
ZNF160,69,94,2.410424028,163
RASAL2,117,171,2.38802539,288
ZNF816-ZNF321P,15,34,2.168165402,49
C17orf97,35,153,2.114058393,188
RASSF10,27,125,2.113730481,152
KCNJ5,12,63,1.938570862,75
HACD1,134,320,1.873581949,454
B4GALNT2,1,3,1.860965729,4
NPC1,159,240,1.803548655,399
ZNF594,12,19,1.790838549,31
TTC4,7,17,1.758875847,24
ASPA,2,6,1.678112984,8
CLEC19A,2,3,1.520422363,5
DERL2,197,291,1.494851753,488
FAM72A,5,14,1.493462412,19
BORCS8-MEF2B,1,2,1.437889099,3
PLXDC1,29,40,1.410894753,69
ELOVL3,7,14,1.403238932,21
GRAMD1B,3,4,1.364220755,7
CCDC102A,54,74,1.189081252,128
SUSD6,243,316,1.142930729,559
C2orf76,106,145,1.05967296,251
RAB11B-AS1,79,129,1.001562559,208
LILRB2,5,15,0.988104248,20
CHD9,388,517,0.940462962,905
RHOBTB1,43,73,0.855038281,116
TMIGD2,1,6,0.791232518,7
VSIG2,335,602,0.775850131,937
B9D1,105,272,0.766915764,377
IDH3A,129,172,0.756711992,301
SRR,20,32,0.690689087,52
GAS7,6,55,0.613028479,61
ACOT11,58,88,0.597654421,146
LHB,1,2,0.58354187,3
DRC1,20,158,0.568519249,178
USP8,370,513,0.558570205,883
RABL2A,55,140,0.446864162,195
YWHAE,760,1028,0.383042572,1788
STX8,204,275,0.373134494,479
TMEM9B-AS1,6,11,0.366866617,17
ZC2HC1C,24,98,0.343767948,122
NCBP3,149,211,0.319486226,360
CREB3L1,269,442,0.250132382,711
ERO1B,65,96,0.246981508,161
SUCLG1,365,489,0.234113805,854
ZNF382,4,10,0.145772117,14
CCDC8,9,97,0.138744858,106
ODC1,466,621,0.134065784,1087
C10orf95,88,160,0.12033684,248
PECAM1,58,136,0.10230845,194
SNX29,114,174,0.012428337,288
GPR12,3,1,-0.066930771,4
PITPNC1,91,25,-0.116086171,116
ASAH2B,35,25,-0.146258672,60
ZNF629,85,42,-0.21682511,127
CHAF1A,65,30,-0.225452905,95
PAK1,214,126,-0.278382649,340
SIPA1L2,175,25,-0.281659203,200
AMPD2,79,53,-0.35352441,132
C17orf107,18,13,-0.383825979,31
OPTN,308,209,-0.408263717,517
ERAL1,187,135,-0.516001423,322
ZNF529,59,29,-0.552476796,88
GJC1,17,1,-0.587432861,18
BTF3L4,483,370,-0.591881049,853
PCDH20,22,4,-0.60895685,26
GTF3C2-AS1,2,1,-0.624554952,3
PSTK,41,31,-0.642583158,72
TEPP,49,31,-0.689450645,80
HDAC7,304,233,-0.690721679,537
GPATCH2L,213,160,-0.695315834,373
KCNAB3,10,6,-0.71475935,16
XPOT,143,99,-0.718827855,242
CHD8,226,164,-0.719467251,390
SPIRE2,123,85,-0.726265119,208
MORN4,152,86,-0.789882756,238
EHD1,262,167,-0.799082082,429
LAMA1,10,6,-0.823363781,16
UPK2,17,11,-0.858673096,28
HAAO,24,16,-0.870459557,40
ZNF350,53,40,-0.920857665,93
RYR1,92,19,-0.945758579,111
NPAS2,121,72,-1.050119785,193
SLC35F2,148,43,-1.087317262,191
CALB2,8,1,-1.134148916,9
ZNF14,25,14,-1.137836163,39
MFSD5,158,90,-1.157934712,248
FJX1,19,10,-1.179956633,29
MEF2D,253,176,-1.210273618,429
EPN3,93,34,-1.244637737,127
YARS2,88,59,-1.264249425,147
IVL,40,2,-1.302693322,42
ONECUT2,17,2,-1.369528118,19
SIPA1L3,193,127,-1.396801877,320
ADPRHL1,39,28,-1.475761186,67
CCSAP,29,16,-1.493753221,45
METTL4,68,52,-1.534645208,120
GEMIN2,83,56,-1.543854144,139
LRRN2,13,1,-1.576523917,14
TOMM40,368,258,-1.595760833,626
RNF121,120,79,-1.622252728,199
UGGT1,153,109,-1.623624874,262
SVBP,342,217,-1.661596486,559
CCDC88B,144,102,-1.670083395,246
SNX11,97,56,-1.698494481,153
ZMYM5,129,98,-1.735428058,227
ZNF93,39,14,-1.776584265,53
PLEKHF1,118,34,-1.779739581,152
NCDN,59,36,-1.81978808,95
MUC16,128,34,-1.836686782,162
NFRKB,160,89,-1.885265825,249
TUBB8,7,4,-1.897314939,11
TUFT1,213,82,-1.925544713,295
SEC24C,232,153,-2.005816948,385
NUDT17,38,21,-2.031410217,59
STON2,43,11,-2.059543186,54
FBXO28,197,143,-2.071623208,340
RSPRY1,204,116,-2.085435963,320
ERBB2,517,284,-2.104258753,801
C19orf48,271,128,-2.118304795,399
ABHD1,7,3,-2.162548828,10
DGKE,26,17,-2.192958566,43
SEC23IP,201,147,-2.292684555,348
MARVELD1,109,81,-2.313912522,190
INPP4A,132,67,-2.329557026,199
PHKG2,216,146,-2.374322575,362
CAD,75,37,-2.443532194,112
ACTA2,73,30,-2.466997461,103
EPS8L1,198,145,-2.474325174,343
LINC00511,160,59,-2.51433612,219
HTATIP2,430,219,-2.582702601,649
LCOR,231,164,-2.597880554,395
TMEM145,11,2,-2.616833613,13
LINC00926,15,7,-2.622973702,22
BCL2L12,271,193,-2.635767526,464
PC,88,34,-2.646375375,122
ZNF222,17,5,-2.663477117,22
ZSCAN2,41,16,-2.666994998,57
PPL,374,270,-2.703157816,644
RND3,370,260,-2.703587051,630
CDK5RAP3,370,277,-2.759124532,647
ZNF628,74,56,-2.770308773,130
ZNF223,14,9,-2.807326939,23
RIN3,92,58,-2.823686778,150
SLAMF1,4,2,-2.878582001,6
RNFT2,19,13,-2.881104469,32
CBL,95,52,-2.90331206,147
GALNT6,115,56,-2.947795087,171
ZDHHC13,158,111,-2.983284621,269
POP4,271,195,-3.078225033,466
HIF3A,42,14,-3.084950992,56
KCTD13,78,47,-3.162908081,125
MIR3179-3,3,2,-3.231355286,5
GGA3,137,83,-3.243779789,220
BIRC5,50,13,-3.260753268,63
FANCI,25,11,-3.306412379,36
GINS2,49,18,-3.31346324,67
E2F6,127,71,-3.321156068,198
C17orf80,77,45,-3.346342306,122
SPTBN4,6,4,-3.358827209,10
ABTB2,41,13,-3.431786149,54
SLC1A7,48,1,-3.441629215,49
TEAD4,36,26,-3.471850734,62
NET1,504,376,-3.483500411,880
FUT3,148,67,-3.492387816,215
TM9SF1,56,35,-3.507228013,91
SDF2,528,343,-3.528857392,871
RRM1,162,122,-3.552065728,284
FAM210A,95,66,-3.571027768,161
MTHFD2,220,148,-3.58252884,368
DAPK3,228,163,-3.591113722,391
ZNF669,56,28,-3.67492812,84
PLA2R1,29,17,-3.678742782,46
PROSER2,125,86,-3.69050439,211
DPP9,213,130,-3.776045163,343
DUSP10,221,128,-3.79406535,349
CDYL2,24,14,-3.799841228,38
PRKCA,224,139,-3.808671494,363
CCER2,8,5,-3.828288739,13
MAPT,38,22,-3.834877014,60
TOMM40L,47,26,-3.889231434,73
FKBP7,85,30,-3.889711131,115
NAGPA,67,50,-3.923130459,117
HOXB7,93,3,-3.995709658,96
PRR14,201,150,-4.007506911,351
DDX52,248,174,-4.054862307,422
MTIF2,165,126,-4.087992783,291
ARF6,582,447,-4.092115237,1029
EXO5,28,10,-4.094585519,38
THBS1,125,71,-4.111782463,196
RBM34,36,22,-4.126132636,58
HELLS,81,41,-4.203831219,122
DISC1,19,6,-4.212416382,25
MMP25,17,6,-4.228480298,23
COL13A1,47,1,-4.238269965,48
C5AR2,12,9,-4.273070926,21
SHMT2,187,112,-4.389888878,299
MED19,293,216,-4.444884175,509
GH1,2,1,-4.457982381,3
KDM4B,172,130,-4.466229622,302
TARBP1,198,134,-4.483301347,332
CDC20,27,9,-4.578033235,36
TIMELESS,53,26,-4.587599163,79
ICAM2,122,57,-4.68091319,179
NOL11,181,85,-4.680978947,266
DARS2,38,28,-4.685639006,66
ZNF85,24,11,-4.708306013,35
DDB2,174,127,-4.711233741,301
LINC00638,8,5,-4.722094022,13
ZNF567,83,56,-4.724052704,139
TRAF7,262,141,-4.746358621,403
WDR89,67,50,-4.793437012,117
TSR1,140,97,-4.806079816,237
ZNF585A,38,24,-4.890197016,62
NLE1,106,28,-4.899598933,134
EPB42,18,12,-4.940072123,30
FAM222A,9,2,-5.017502525,11
ADAMTS17,5,2,-5.041740417,7
RGS9BP,7,1,-5.094500542,8
SALL2,62,39,-5.096692151,101
PROC,19,3,-5.164448478,22
ADO,96,67,-5.177229173,163
ANKRD36B,82,57,-5.19039198,139
ORC1,11,2,-5.226022574,13
RNF40,205,156,-5.311702084,361
TECPR2,77,51,-5.3410182,128
ZNF260,74,39,-5.341703769,113
GNPNAT1,136,81,-5.347052262,217
GLRX2,177,106,-5.373004226,283
E2F8,7,5,-5.388112386,12
OAS3,180,51,-5.414529148,231
RNF26,189,116,-5.448864146,305
PANX1,81,54,-5.471997918,135
DUSP12,160,104,-5.477776845,264
FAM124A,18,12,-5.482366689,30
TOP2A,84,20,-5.501786232,104
SAMD13,14,6,-5.543212891,20
PATL1,147,94,-5.569303426,241
SLC26A11,123,88,-5.630586995,211
GLMP,279,164,-5.650649973,443
PITPNM2,62,47,-5.659709195,109
AAGAB,144,105,-5.728951849,249
VPS72,273,176,-5.729428094,449
ERCC2,88,49,-5.763663856,137
TUBG1,233,96,-5.767026397,329
KLK7,11,1,-5.777239482,12
DHRS11,133,45,-5.789278266,178
PIF1,4,3,-5.816084726,7
ZNF174,40,23,-5.908209422,63
ERCC3,157,118,-5.928239774,275
KLHL25,23,14,-5.929532232,37
GUCY1A2,4,3,-5.958136422,7
LINC01550,124,39,-5.990820949,163
DAND5,27,17,-6.063977155,44
PGM2L1,304,183,-6.100427224,487
NOP9,131,74,-6.147316314,205
NDRG4,14,3,-6.185179318,17
BMF,99,45,-6.196681288,144
DFFA,298,184,-6.200484288,482
RPEL1,4,2,-6.205924988,6
KRT81,54,3,-6.286312839,57
CDR2,120,65,-6.291345916,185
MAP10,17,5,-6.330021251,22
BRCA1,51,24,-6.345085958,75
APAF1,93,62,-6.354181843,155
SLC30A1,186,107,-6.404822808,293
BUB1B,7,2,-6.407718235,9
LGALS9,400,125,-6.422100074,525
RNF220,277,197,-6.430826775,474
ZNF493,150,103,-6.453258137,253
WDHD1,38,13,-6.510073643,51
SLC41A2,127,70,-6.638235993,197
ZNF473,35,23,-6.639153513,58
R3HCC1L,81,57,-6.662199656,138
SMOC1,30,6,-6.794745763,36
SMG9,123,62,-6.82303308,185
ZNF780A,120,61,-6.934936523,181
TACR2,15,3,-6.960586124,18
CALHM2,18,12,-6.966821035,30
GJB3,41,10,-6.969748254,51
MAX,349,258,-6.989189651,607
LYSMD4,32,22,-6.99132778,54
ZNF213,46,25,-7.045073603,71
FAM168A,85,64,-7.048816937,149
GPR176,6,3,-7.061449687,9
BORCS5,71,52,-7.085167582,123
TIGD7,16,9,-7.091549072,25
CDCA4,113,34,-7.186216393,147
CGN,276,201,-7.193992103,477
CENPN,58,31,-7.341236843,89
TUBG2,97,40,-7.372032722,137
IQGAP3,11,4,-7.405406698,15
ZNF829,10,6,-7.427047729,16
OSR1,54,8,-7.436411335,62
FAM78B,2,1,-7.459213257,3
METTL17,148,101,-7.519966187,249
AP3M1,146,97,-7.557631316,243
CBX2,36,6,-7.589570908,42
ZFYVE1,77,40,-7.629775675,117
CCDC90B,244,135,-7.752182087,379
GHDC,148,101,-7.865242801,249
IGDCC4,4,1,-7.87208252,5
TXNDC16,46,34,-7.904664516,80
GGACT,64,43,-7.92210545,107
CLIP4,156,77,-7.923019638,233
LINC00460,8,1,-8.130217658,9
AP2A1,188,140,-8.176523139,328
OAF,34,24,-8.268411439,58
GALNT18,112,81,-8.27163803,193
HSD17B2,41,20,-8.320786648,61
ILDR2,4,3,-8.345454625,7
SIX4,111,66,-8.377838609,177
RNF165,11,4,-8.384117635,15
FLRT2,6,1,-8.389476231,7
ZNF431,208,82,-8.397371121,290
BICD1,59,16,-8.401898702,75
PLA2G4C,24,11,-8.420494298,35
FOXD2-AS1,18,7,-8.432447205,25
TUBD1,114,72,-8.457974916,186
CCNB2,40,4,-8.4589438,44
TET1,16,7,-8.488160175,23
NIN,98,74,-8.502151267,172
EDRF1,62,46,-8.525593157,108
ARL5B,338,239,-8.539339697,577
MTMR11,57,26,-8.560263301,83
LRP4,13,3,-8.580133438,16
ZNF714,85,46,-8.669647683,131
NCAPD3,80,49,-8.753030526,129
STK38L,101,65,-8.768073116,166
FAS,130,80,-8.778844488,210
OAS2,147,46,-8.899379869,193
PRELID3A,15,11,-8.919010162,26
EDEM3,201,146,-8.930054151,347
BCL2L15,137,28,-9.016291902,165
KNTC1,31,13,-9.04972692,44
KCTD2,146,72,-9.062095922,218
SUV39H2,30,18,-9.081668854,48
LIG3,121,86,-9.121825877,207
LPAR5,7,1,-9.129814148,8
VTCN1,32,16,-9.202000141,48
LINC01118,2,1,-9.205136617,3
HOXB4,12,2,-9.217254094,14
CDCA7,59,29,-9.236424273,88
MCMBP,205,157,-9.263153751,362
FNDC5,26,9,-9.291883632,35
ARHGAP5-AS1,45,32,-9.327742044,77
LINC01252,19,7,-9.346008301,26
SENP1,47,36,-9.466513209,83
UCK2,37,12,-9.588534764,49
SLFN12,58,21,-9.681976705,79
MPZL3,209,149,-9.728135072,358
SP3,273,200,-9.798989294,473
HMGA2,41,6,-9.880349017,47
CORO1A,127,93,-9.882929785,220
TEX30,95,65,-9.926788568,160
PMEL,11,7,-9.928462982,18
KDM4A-AS1,7,1,-9.9372015,8
STRA6,34,5,-9.944084559,39
JMJD1C-AS1,32,13,-9.969305929,45
JAK3,18,8,-9.981155689,26
ZNF793,38,26,-9.981325626,64
ZNF235,10,6,-9.983194351,16
ZNF571-AS1,2,1,-9.985923767,3
NAA30,103,68,-9.990149738,171
UTP18,218,149,-10.00396911,367
ZNF527,23,16,-10.03404803,39
TRIM62,19,11,-10.08511302,30
FER1L5,6,4,-10.09709282,10
CUL4A,301,217,-10.1050751,518
SMCO4,354,240,-10.10843761,594
ASB13,46,31,-10.10978203,77
PMF1-BGLAP,4,3,-10.13114275,7
CTU1,86,36,-10.13474539,122
MEDAG,12,1,-10.25680953,13
ADGRE2,75,8,-10.42503522,83
TSPAN8,321,107,-10.46907493,428
DLST,199,152,-10.47510028,351
NME2,85,53,-10.49310485,138
FOXA3,40,21,-10.50055326,61
DSEL,80,55,-10.60273703,135
IFI16,390,201,-10.60790402,591
THAP8,72,42,-10.61561029,114
EIF2B2,166,119,-10.72811218,285
ANPEP,181,77,-10.77114587,258
SMC6,124,84,-10.77750804,208
CA5A,6,2,-10.80785751,8
ZNF614,29,13,-10.90822819,42
ALDH18A1,190,91,-10.93230715,281
ZFP69B,6,1,-10.97949982,7
BLZF1,145,109,-11.00536992,254
HLX,7,5,-11.04276721,12
P4HA3,10,7,-11.04850141,17
DNAJC12,125,51,-11.1043106,176
CDC42EP5,111,32,-11.15457991,143
TRIM5,137,102,-11.15749988,239
STK24,371,249,-11.171379,620
FBXO22,177,135,-11.20809729,312
B3GNT6,58,1,-11.23727753,59
ZNF253,27,20,-11.31839996,47
TMPRSS13,141,63,-11.32872193,204
TRIM46,21,6,-11.3599359,27
NUP107,153,97,-11.40750049,250
TSEN15,170,116,-11.45624438,286
HOXB2,31,15,-11.4914856,46
FANCA,75,45,-11.49187295,120
ZBTB8A,78,55,-11.54787491,133
SKAP1,32,20,-11.54856476,52
TNFRSF17,2,1,-11.56166585,3
PRRX1,33,1,-11.58982692,34
NDC1,82,41,-11.62042764,123
ZNF787,150,103,-11.65189245,253
BCO1,10,4,-11.65520913,14
NANOS3,26,5,-11.72314256,31
RAB35,150,108,-11.8924967,258
AOC3,12,9,-11.90884145,21
BLM,16,8,-11.91711712,24
CSRP2,60,35,-11.92715607,95
RAB26,14,5,-11.9579514,19
ABHD4,87,50,-11.97330302,137
TIMM9,424,301,-11.97982194,725
KANSL2,107,57,-11.9891911,164
PKP1,6,2,-11.993083,8
FRY-AS1,13,7,-12.12012901,20
SAAL1,76,42,-12.15379043,118
GSTM3,125,68,-12.15542879,193
TMEM135,74,56,-12.18133316,130
CEACAM16,4,1,-12.19421387,5
STIL,15,7,-12.21401596,22
RPS6KC1,72,52,-12.23216377,124
ZNF324B,18,8,-12.2495751,26
NELL1,41,4,-12.30053118,45
RHNO1,163,116,-12.33825224,279
TEP1,58,22,-12.39511719,80
STK39,263,50,-12.39644613,313
NCAPD2,53,40,-12.49234345,93
HYKK,42,26,-12.52454258,68
RGS7,6,1,-12.53380476,7
LRRC7,10,3,-12.54633097,13
ARTN,15,9,-12.5818847,24
IL21R,9,6,-12.60198873,15
RASGRP1,106,59,-12.62002836,165
IFIT1,182,65,-12.70597972,247
NOG,5,3,-12.71288586,8
CKAP2L,10,1,-12.74682132,11
RASSF4,157,84,-12.84557618,241
DEPDC7,2,1,-12.93013255,3
C14orf39,2,1,-12.97313436,3
AGT,65,6,-12.98891965,71
KRT36,10,3,-13.02130127,13
LINC00672,90,41,-13.04011908,131
ZSCAN29,85,56,-13.0466939,141
IMP4,353,268,-13.05262705,621
DISP1,28,18,-13.07975122,46
PEX12,36,24,-13.0856102,60
CCL13,15,3,-13.09371567,18
RPTOR,83,43,-13.09958291,126
NUCB1-AS1,2,1,-13.24895477,3
SCARB1,52,31,-13.25532421,83
LILRB5,10,4,-13.36905725,14
SPTLC2,242,153,-13.4638268,395
NPAT,127,88,-13.51087143,215
ASPM,15,2,-13.51205108,17
PIP5K1C,114,72,-13.51455664,186
GPSM2,102,32,-13.67827435,134
C12orf56,6,2,-13.69019985,8
PRR5L,39,27,-13.77630026,66
KCTD21-AS1,17,10,-13.77682764,27
MIR193BHG,12,3,-13.80698751,15
C1orf131,208,135,-13.86078626,343
ZNF607,23,11,-13.8794807,34
PGBD5,21,2,-13.89900174,23
CKMT1B,38,13,-13.91608818,51
LAMB3,443,315,-13.95305784,758
FAF1,222,168,-14.00276221,390
ERVK3-1,90,69,-14.08471944,159
PRKAB2,53,34,-14.12419646,87
FNBP1L,309,225,-14.14185612,534
RPS6KL1,32,16,-14.20603514,48
KRT23,67,13,-14.25181952,80
LINC00487,2,1,-14.33946991,3
MFSD2B,14,5,-14.35028919,19
OTUB2,20,11,-14.39679004,31
C2orf15,47,29,-14.4130502,76
CAMKK2,111,68,-14.42310325,179
PTHLH,6,2,-14.42546082,8
DHX40,261,185,-14.44489858,446
NEDD4,40,18,-14.45817263,58
ENTPD5,119,58,-14.47394142,177
LRIG2,74,53,-14.48750287,127
EPC2,128,93,-14.53238785,221
FUT4,33,15,-14.57113202,48
BTRC,73,49,-14.59127142,122
ZYG11A,9,1,-14.72627487,10
POLR3C,107,65,-14.73167606,172
PPP1R3C,16,9,-14.74019043,25
NCLN,234,176,-14.74653542,410
RECQL5,124,67,-14.82305133,191
ZDHHC6,242,142,-14.85429132,384
GADD45A,408,220,-14.97528388,628
ACY3,14,10,-15.05945619,24
BORA,20,14,-15.06125809,34
GPR137C,13,5,-15.08688566,18
RBM15,77,51,-15.08999282,128
GCNT3,98,13,-15.09294369,111
PSD4,180,123,-15.10485525,303
LINC00668,2,1,-15.10823059,3
GREM1,10,5,-15.26611125,15
ZNF101,32,14,-15.28137846,46
FAM24B,53,16,-15.43631203,69
SAP30BP,407,306,-15.44726169,713
MYOF,452,293,-15.45868399,745
CDRT4,4,2,-15.46630224,6
ALG6,82,44,-15.48120771,126
PLEKHJ1,444,337,-15.54906001,781
LENG8-AS1,6,4,-15.56509018,10
CKMT1A,38,14,-15.58966534,52
NID1,6,4,-15.59520187,10
GOLPH3L,275,191,-15.61293956,466
CEBPE,2,1,-15.61387634,3
PPME1,185,118,-15.71055789,303
SASS6,67,33,-15.71313339,100
BATF2,44,25,-15.71334817,69
LIN37,16,4,-15.72551193,20
FANCM,24,17,-15.74823054,41
ZNF695,5,1,-15.75618108,6
CEP55,13,4,-15.8112039,17
KCNC3,68,31,-15.84701592,99
TMEM150A,236,176,-15.8705574,412
DNAH14,131,67,-15.88783172,198
MSANTD4,98,53,-15.94966257,151
NRAS,208,136,-16.0658983,344
AATF,262,187,-16.07048223,449
TLK2,235,173,-16.08998274,408
ZNF28,87,61,-16.23535963,148
GOLT1B,205,134,-16.23707304,339
SEC23A,235,176,-16.34807399,411
LTBP1,85,12,-16.44366565,97
THY1,4,2,-16.47149404,6
ISL2,2,1,-16.4860611,3
LCLAT1,94,67,-16.54191589,161
ZNF670,36,16,-16.68766814,52
SCEL,272,74,-16.70129595,346
SDE2,173,111,-16.72241098,284
ZNF587,76,46,-16.75742503,122
BLNK,92,56,-16.78835395,148
DIAPH3,11,8,-16.79901364,19
USP3-AS1,12,6,-16.8234698,18
TMEM262,3,1,-16.82453537,4
WNT2B,32,17,-17.10890727,49
TSPAN2,28,8,-17.2131159,36
CXCR5,2,1,-17.22440592,3
VASH2,12,6,-17.25073708,18
KIAA1614-AS1,10,1,-17.268099,11
MED8,267,202,-17.29303526,469
LINC00941,2,1,-17.29636383,3
TNFRSF11A,24,14,-17.31965637,38
VAV1,44,21,-17.36222534,65
IL2RA,2,1,-17.36766307,3
PLEKHG3,84,52,-17.38790333,136
MYBPC3,3,1,-17.40038872,4
TGFB2-AS1,8,1,-17.40343984,9
TIGD3,9,4,-17.40377573,13
PGAP3,182,88,-17.46402616,270
EPSTI1,106,67,-17.60069875,173
MAP4K5,222,166,-17.6327471,388
VCL,309,213,-17.67271249,522
PDK1,68,44,-17.69056627,112
C14orf28,61,41,-17.80823147,102
IZUMO2,11,5,-17.83403969,16
SZT2,87,55,-17.90337974,142
EIF2B4,170,130,-17.9115683,300
UCN3,31,10,-17.9255412,41
ZNF124,41,27,-18.02014317,68
LINC01133,41,12,-18.07541527,53
MAPK7,59,40,-18.09820187,99
CTSG,6,3,-18.1054874,9
SHF,79,25,-18.24249715,104
L2HGDH,62,34,-18.24596071,96
PARP16,70,35,-18.37373192,105
LTBP4,214,146,-18.45841442,360
FXYD4,23,16,-18.56338599,39
BTBD8,16,8,-18.57593791,24
LILRB4,15,11,-18.60385014,26
LRRC8D,65,34,-18.60853407,99
SCNM1,256,128,-18.62009754,384
GAS5-AS1,4,2,-18.63427862,6
MFSD9,67,27,-18.67153476,94
TMEM222,231,168,-18.67437598,399
RASGRP3,56,42,-18.71130542,98
RBBP5,169,110,-18.76887157,279
ETV6,263,168,-18.79437059,431
PLOD1,186,112,-18.90336414,298
PPP2R1B,92,60,-18.95383172,152
STX4,316,241,-18.99764617,557
DUSP14,231,172,-19.07914304,403
SP5,30,14,-19.09773289,44
CRTC3-AS1,3,2,-19.09840851,5
CIART,59,34,-19.10451368,93
HABP2,96,8,-19.12943224,104
FOSL1,58,29,-19.13255766,87
DDX11-AS1,8,3,-19.196339,11
GALNT13,15,4,-19.26477573,19
PRR11,14,9,-19.30332549,23
RPPH1,94,54,-19.3571126,148
MFSD11,193,147,-19.42361587,340
E2F7,7,5,-19.45361773,12
ALKBH1,60,37,-19.52970422,97
TEKT5,18,2,-19.54774551,20
HEXIM2,98,58,-19.55095218,156
IL15RA,60,24,-19.55485816,84
TEX12,7,1,-19.59957886,8
TMEM39B,103,74,-19.69408693,177
CLEC2B,182,101,-19.74725256,283
SUPV3L1,82,56,-19.75257354,138
SLC9A2,6,3,-19.80275557,9
DNAJC9,194,106,-19.86600039,300
NBPF14,138,100,-19.9704652,238
KLHL23,168,43,-20.02673672,211
ZNF358,209,145,-20.08670283,354
LINC00862,3,1,-20.11774445,4
WDR3,70,52,-20.12899812,122
HIPK4,11,5,-20.21049738,16
KIF18B,6,1,-20.23045458,7
VIPAS39,94,46,-20.24692465,140
C19orf18,13,9,-20.40119206,22
RASL10B,10,3,-20.40874863,13
OTX1,21,11,-20.4597857,32
C1orf53,288,218,-20.51543347,506
INCENP,10,7,-20.54187191,17
LEPR,38,18,-20.56905883,56
C2CD4A,52,10,-20.60284571,62
ANKDD1A,16,11,-20.63505837,27
FAN1,56,43,-20.64291274,99
TYRO3,46,13,-20.70774919,59
CRX,8,3,-20.78493569,11
LINC00592,11,4,-20.80670064,15
BIRC3,264,191,-20.82313747,455
ZNF17,25,16,-20.82370237,41
ARHGEF25,6,2,-20.96957397,8
P3H3,28,19,-20.98975502,47
ZMYM1,41,27,-21.06730293,68
ZNF384,69,50,-21.0969966,119
HARBI1,31,17,-21.1504635,48
TDRD5,3,2,-21.27179565,5
RPL17-C18orf32,3,1,-21.27719402,4
GOLGA6L4,53,19,-21.29323154,72
EXOC3L1,21,10,-21.37021022,31
LDLRAD3,11,3,-21.38531331,14
GPR89B,54,35,-21.43795802,89
ZMYM6,63,47,-21.76631241,110
CLIP3,15,2,-21.79372496,17
PPP1R14D,46,2,-21.84321181,48
IGHMBP2,74,47,-21.90480584,121
LINC01119,4,3,-21.99620056,7
PNPT1,132,100,-22.02015826,232
LDAH,87,60,-22.02285502,147
ZNF597,43,22,-22.14291253,65
GRHL3,16,4,-22.23479862,20
HOXB6,19,12,-22.3194489,31
ZNF404,13,1,-22.32062857,14
ALDH1L2,5,1,-22.3973643,6
MKI67,25,16,-22.43135396,41
PARS2,16,12,-22.48975604,28
KIF20B,50,32,-22.50515617,82
MS4A1,12,3,-22.5795934,15
MAN2A2,85,61,-22.59710124,146
GLB1L2,105,74,-22.61102455,179
PHLDB1,124,73,-22.63841395,197
SKA1,8,1,-22.68159654,9
LSR,633,455,-22.71895805,1088
CHSY1,90,49,-22.72078008,139
OLFML3,97,5,-22.7356414,102
SLC16A1-AS1,7,2,-22.7865359,9
VAMP4,130,91,-22.79103722,221
RHCE,16,3,-22.904641,19
EGR4,34,2,-22.91897223,36
METTL2A,123,91,-22.98193948,214
GINS3,23,14,-23.06339181,37
LY9,5,1,-23.08538437,6
SCGB1D2,3,1,-23.18041992,4
LINC01460,7,1,-23.20829582,8
TBCE,83,59,-23.24966484,142
STAMBP,270,182,-23.25380124,452
VAV3,17,12,-23.26084334,29
EMP1,414,297,-23.45938183,711
PLEKHG4,78,43,-23.47001137,121
NEUROD2,7,2,-23.78717295,9
IGKV3-20,4,2,-23.8627739,6
PNO1,180,132,-23.96500627,312
STIM1,147,95,-23.97312508,242
RPUSD4,108,70,-23.97588828,178
SPRR2D,75,6,-23.99684426,81
NT5DC4,4,1,-24.11441956,5
AREL1,89,52,-24.17968609,141
HOXB3,28,1,-24.18675679,29
GREB1L,10,1,-24.39402632,11
IGKV1-39,8,1,-24.47199673,9
TERF2,108,81,-24.47863172,189
TNFAIP2,287,114,-24.50868743,401
ZNF485,16,8,-24.62606812,24
RNF34,139,106,-24.6803367,245
LRRC40,83,51,-24.72595112,134
GEN1,27,12,-24.78335043,39
C18orf54,8,2,-24.88530273,10
ZG16,2,1,-24.88649241,3
GRAP,4,1,-24.89777985,5
RERG,30,9,-24.95627222,39
PLCH2,28,17,-25.08145142,45
IDE,133,92,-25.09422479,225
METTL8,58,41,-25.14194203,99
PGBD2,56,15,-25.39022462,71
GLYATL1,2,1,-25.40103912,3
LYPD5,12,6,-25.41957241,18
ACBD6,281,216,-25.44603858,497
NOC3L,108,83,-25.46254501,191
CCNT2-AS1,9,4,-25.51019639,13
AVEN,53,21,-25.51972085,74
ADGRG1,188,115,-25.61783262,303
TRIM54,44,6,-25.63741791,50
CYP2R1,59,38,-25.65072341,97
SWT1,25,13,-25.68876266,38
CCDC34,188,129,-25.74173089,317
GLYATL2,16,2,-25.78226768,18
NPEPPS,497,298,-25.87638431,795
FAM117A,120,87,-25.87674227,207
RGS6,3,1,-25.90815163,4
DYSF,32,5,-25.98383826,37
MOV10,138,79,-26.04961103,217
PLA2G4E,22,7,-26.0561313,29
IGHV3-7,4,2,-26.07516861,6
SPOCD1,46,16,-26.14966768,62
DYRK2,139,77,-26.22945644,216
TMEM62,180,74,-26.25264061,254
DPP10-AS1,65,16,-26.3301499,81
GDF7,13,4,-26.43848688,17
SCN3B,3,1,-26.48403358,4
CD207,2,1,-26.62299347,3
STYX,171,79,-26.63443472,250
HTR3A,26,1,-26.71308955,27
KPNA2,218,100,-26.78639245,318
PARP2,89,65,-26.86249126,154
SPTB,61,6,-26.87154035,67
ZNF114,20,12,-26.9702425,32
RPUSD2,57,35,-27.06873545,92
BATF,147,59,-27.07942185,206
NGF,18,6,-27.2053992,24
EID3,78,51,-27.22577537,129
TRIM6,17,10,-27.2529441,27
MEX3B,22,13,-27.2598502,35
BRIP1,25,7,-27.38822007,32
IL1RL2,27,13,-27.49975739,40
ZNF737,15,10,-27.66131592,25
DLX2,8,3,-27.69050737,11
CHEK1,51,28,-27.69910276,79
CD177,8,2,-27.77022934,10
CCNY,364,257,-27.88467861,621
LINC00839,3,2,-27.90939178,5
AKR1C2,96,42,-27.93214444,138
TEX14,57,42,-27.94452937,99
ARHGAP11A,18,10,-28.10953849,28
LYPD1,59,1,-28.26822764,60
GLMN,34,26,-28.29769694,60
KIF14,8,3,-28.54026482,11
PAX8,32,10,-28.56000646,42
ZNF570,36,23,-28.56863959,59
FNTB,63,41,-28.57026416,104
COL17A1,87,3,-28.58119897,90
SBF2-AS1,92,26,-28.60106814,118
LCT,36,1,-28.62345,37
TOM1L1,318,203,-28.70756231,521
MAF,47,35,-28.72388514,82
YIF1B,232,146,-28.75696277,378
PPM1H,52,25,-28.76426558,77
NRIP3,27,15,-28.79844157,42
SLC35G1,62,20,-28.81114592,82
AMHR2,9,4,-28.85581677,13
INSL3,3,1,-28.91589546,4
EED,96,60,-28.93789648,156
PPFIA4,21,2,-29.42208995,23
SLC39A13,153,115,-29.44446473,268
MCM10,13,2,-29.52128474,15
THAP3,96,65,-29.68828417,161
STK11,223,161,-29.72651646,384
ANAPC7,140,104,-29.82661111,244
MECR,153,99,-29.82880698,252
PRH1,18,7,-29.84696198,25
PCTP,137,65,-29.98059048,202
DAPL1,73,41,-30.12889628,114
SPRTN,108,78,-30.18724905,186
PPIAL4G,6,1,-30.57129342,7
MRPL37,347,262,-30.60469531,609
SMG8,8,6,-30.62534332,14
CSF1,123,75,-30.65752342,198
FOXN3-AS1,34,19,-30.66285893,53
SCG5,84,5,-30.66552374,89
CDH8,7,3,-30.76305084,10
RAB30,39,17,-30.76726764,56
BDKRB1,8,4,-30.82664363,12
CR1,3,1,-30.89822197,4
DSC2,125,59,-30.97694314,184
FAM111B,26,5,-30.9919249,31
GPR161,50,17,-31.02000803,67
FAM104A,233,146,-31.13512799,379
CEP152,45,31,-31.16233806,76
MCOLN3,21,12,-31.3193564,33
QSER1,135,96,-31.46606708,231
ANO6,157,86,-31.48193521,243
SKA2,280,203,-31.61970412,483
RGMA,58,33,-31.62800158,91
CHRNA5,19,1,-31.96887894,20
METTL18,90,54,-31.99266391,144
TBX19,33,7,-32.01766586,40
FAM229A,67,29,-32.05480901,96
TMTC4,113,64,-32.20580417,177
KIF11,15,6,-32.23982075,21
TAS2R14,21,10,-32.32267121,31
RAB37,30,19,-32.3570225,49
NUP210L,5,3,-32.44660091,8
PPP2R5E,463,351,-32.51270243,814
ANKRD22,103,16,-32.66275666,119
PTPN14,169,90,-32.67027299,259
C1orf226,85,28,-32.78255064,113
TMEM106A,64,38,-32.78990383,102
DTL,23,10,-32.79291407,33
REP15,3,2,-32.98855591,5
ARHGAP19,46,25,-33.07925351,71
CTTNBP2NL,127,95,-33.12661496,222
TOX3,149,86,-33.14147631,235
ALDH3B2,34,21,-33.16684654,55
KLHDC8A,11,1,-33.17991575,12
LAMC2,201,127,-33.20642802,328
ZNF532,95,57,-33.24396063,152
ZNF780B,54,39,-33.32019322,93
KLF1,2,1,-33.37644704,3
GOLGA8Q,2,1,-33.56945292,3
PMM2,70,49,-33.62807372,119
PARPBP,13,6,-33.70581456,19
TENM4,14,8,-33.74475999,22
KDM4D,7,5,-33.76672872,12
ENTPD1-AS1,26,18,-33.813926,44
ZNF573,39,27,-33.88326159,66
ZSCAN20,6,1,-33.88754272,7
KCNK7,10,6,-33.90141773,16
LINC00540,2,1,-33.92737834,3
HEATR1,78,44,-33.95107473,122
LRIG3,184,124,-33.98018081,308
UTP4,132,98,-34.00099076,230
NUTM2D,4,3,-34.18297686,7
GCSAML,2,1,-34.26425425,3
PDGFD,41,7,-34.40879456,48
SACS,17,9,-34.4334485,26
ARHGAP42,105,48,-34.47999196,153
ZNF66,4,1,-34.624263,5
LRRC37A2,20,12,-34.69715536,32
RNASEL,60,34,-34.73636976,94
ZEB1-AS1,23,14,-34.83459493,37
PRKG1-AS1,2,1,-34.94098409,3
SPATA5L1,39,28,-34.94643026,67
SCRN3,83,61,-34.98034136,144
IKBIP,116,88,-35.02398044,204
FAM228A,12,2,-35.06404877,14
PYROXD2,98,62,-35.08242831,160
SH3BP5L,81,52,-35.18617429,133
HOXB-AS3,2,1,-35.26280212,3
FUT8-AS1,19,13,-35.46559954,32
DNAJC24,64,42,-35.71871869,106
LINC00920,6,1,-35.87163762,7
SAA1,136,72,-35.8984021,208
ANGEL1,52,33,-36.03105891,85
APOLD1,40,17,-36.0972029,57
RABIF,276,170,-36.18093744,446
PRPF39,61,45,-36.30444703,106
BTBD10,113,78,-36.40516996,191
NDC80,15,4,-36.44787879,19
MSH6,126,95,-36.6090748,221
LIN9,34,21,-36.68249366,55
CCNJ,34,19,-37.03960289,53
EHD3,15,1,-37.60690165,16
EIF3C,43,27,-37.96378381,70
RHBDL2,92,34,-38.02731923,126
SPRR2F,3,1,-38.1763401,4
ANAPC1,107,76,-38.17988436,183
SLC5A6,94,61,-38.45248548,155
KIF26B,31,10,-38.50976637,41
MASTL,60,39,-38.55115956,99
NDE1,94,57,-38.64050692,151
LINC01138,22,16,-38.65685734,38
SLC15A1,2,1,-38.71250153,3
LYPD6,5,2,-38.7883606,7
FBF1,62,38,-38.97188896,100
HMCN1,29,4,-38.97611722,33
ALOXE3,5,2,-39.36953408,7
TMEM266,2,1,-39.38822428,3
LUM,64,27,-39.45039686,91
NUF2,17,4,-39.65576971,21
MGAT5,156,97,-39.68912042,253
SVOP,2,1,-39.75617091,3
LINC00294,29,12,-39.76739055,41
STYK1,47,13,-40.04346212,60
UCHL5,228,136,-40.1903046,364
MMP2,22,10,-40.26628971,32
PROX1,46,6,-40.2871096,52
PAK6,140,99,-40.40251185,239
PKP2,41,28,-40.40502775,69
DDIAS,11,1,-40.47006989,12
ASAH2,16,9,-40.80652252,25
IL10,6,2,-40.83188915,8
SPATA45,2,1,-41.01906586,3
KANSL1-AS1,161,102,-41.09732531,263
PTAFR,65,31,-41.11816923,96
SLC35F3,16,9,-41.11835968,25
PRPF19,263,191,-41.34008507,454
SDS,10,4,-41.48807635,14
ZFP69,12,6,-41.55991787,18
PSEN2,107,80,-41.71132105,187
SUSD4,118,79,-41.81758919,197
MMP1,111,1,-42.00998374,112
C17orf67,22,8,-42.35084178,30
GORAB,81,45,-42.38939685,126
FOXD4L1,4,1,-42.63197632,5
PRC1,29,9,-42.69622943,38
UBE2T,111,49,-42.74998653,160
GLB1L3,46,2,-42.99047311,48
DTNA,27,10,-43.08745018,37
FUT6,31,9,-43.26571083,40
LRRC37A,6,2,-43.50653172,8
RAB3IL1,6,2,-43.57309341,8
MTPAP,112,74,-43.63512853,186
UQCRHL,87,65,-43.84760781,152
EXT2,138,94,-43.93711723,232
MAST2,65,42,-44.17588692,107
AGAP4,34,25,-44.3575433,59
ABCA4,68,6,-44.39411473,74
ZNF850,8,5,-44.56481405,13
FAM177B,3,1,-44.65307045,4
GAD1,37,3,-44.69546585,40
DHRS9,67,22,-44.70000269,89
DKK1,43,5,-44.88459078,48
ATG14,112,77,-44.98095869,189
RAD51AP1,19,8,-45.13811182,27
IGKV1-5,5,1,-45.24979909,6
APBA2,51,4,-45.31098452,55
CEACAM19,20,15,-45.5006049,35
SH2D2A,32,23,-45.57196357,55
PLK1,12,4,-45.68930054,16
FAM149B1,88,67,-45.70338012,155
PLA2G4A,57,19,-46.21282066,76
ARHGAP20,37,28,-46.27805082,65
SIGLEC10,3,2,-46.36413269,5
POLR1A,95,65,-46.64017625,160
CABYR,14,4,-46.6767735,18
SMAD3,258,175,-46.67842832,433
GALNT2,394,252,-46.72138949,646
PTRH2,154,77,-46.86073247,231
PTPRR,6,1,-47.00319563,7
HAL,17,7,-47.5173343,24
TRIM45,28,19,-47.67541017,47
LINC01191,6,3,-47.73178101,9
FCGR2B,14,7,-47.82550848,21
LRCH1,55,41,-47.85516771,96
ZEB1,17,3,-47.86502228,20
DTX4,275,99,-47.98046255,374
VWA2,26,16,-48.10762088,42
S100A12,5,3,-48.1089735,8
CDH7,2,1,-48.29397329,3
LINC01465,5,3,-48.31873703,8
IFIT2,95,62,-48.34635434,157
IL1RL1,12,7,-48.49328774,19
PLEKHG5,26,15,-48.60720862,41
TSACC,25,5,-48.6264651,30
GPC6,19,11,-49.12505824,30
C12orf50,3,1,-49.17570496,4
FCRLB,12,5,-49.19918778,17
NAT10,115,82,-49.23508744,197
ZNF503-AS1,32,12,-49.3888692,44
ABHD17C,291,152,-49.39538777,443
CACNA1A,26,4,-49.52672806,30
IGHV4-59,2,1,-49.68961843,3
HS6ST3,23,2,-50.00083221,25
SLC25A21,7,2,-50.04153951,9
GJD4,3,2,-50.31967621,5
ACBD5,157,118,-50.55932043,275
MIA2,6,3,-50.59114838,9
SLC3A1,2,1,-50.60894012,3
DGKA,28,17,-50.62421943,45
CENPF,31,23,-50.98347692,54
HYLS1,26,18,-51.2272762,44
TMEM63C,24,1,-51.48533539,25
CBLN3,8,4,-51.90403175,12
CDK1,50,28,-52.15375744,78
IGHV4-39,2,1,-52.21067301,3
C4BPB,71,25,-52.25210158,96
TMEM92-AS1,6,2,-52.30662441,8
LRP1B,3,2,-52.34054413,5
AGAP6,59,43,-52.58700494,102
ZNF546,27,14,-52.60835322,41
MYO3B,8,3,-52.7647934,11
MYBPC1,3,1,-53.0486412,4
CATSPER1,39,20,-53.50847716,59
LINC01483,6,2,-53.51132202,8
FHL2,155,28,-53.57626539,183
GOLGA6L9,52,37,-53.69956996,89
MILR1,84,39,-53.70908083,123
KIF18A,21,14,-54.20184108,35
RGPD5,24,18,-54.40419551,42
FAM66C,12,6,-54.43768141,18
SPRR3,5,2,-54.72934396,7
MMP7,321,233,-54.98962096,554
SYT1,37,1,-55.41271491,38
HEPN1,3,1,-55.53616905,4
FEZ2,436,309,-55.62279624,745
FNDC7,3,1,-55.73272133,4
CLEC2D,91,63,-55.99537718,154
OAS1,239,47,-56.00087914,286
IFIT3,167,105,-56.00379843,272
TNFRSF9,31,13,-56.34539413,44
IGHV3-23,5,1,-56.37716675,6
FFAR2,3,2,-56.45112762,5
SPC25,10,6,-56.53814125,16
SSTR1,4,1,-56.8927063,5
DHRS2,5,1,-56.93701553,6
SLAMF7,25,10,-57.01990226,35
WDR72,26,8,-57.03511362,34
STRIP1,116,76,-57.82256609,192
IFIH1,107,70,-58.04664836,177
LINC01588,34,23,-58.10078156,57
IL18R1,7,2,-58.6987381,9
MIR181A1HG,35,13,-58.73829508,48
EFCAB13,28,8,-58.74845484,36
SYT12,90,1,-59.03346546,91
TMEM81,8,5,-60.06154457,13
CCL4L2,175,130,-60.12767662,305
CHST4,3,1,-60.28518772,4
QPCT,75,13,-60.72699161,88
RASSF3,137,105,-61.03415447,242
C2CD4D,14,9,-61.12425049,23
ZNF583,22,16,-61.16866905,38
NEXN-AS1,13,7,-61.69234123,20
LINC00944,9,1,-61.76827316,10
DIO2,4,2,-62.08539581,6
NOTCH2,239,173,-62.81248982,412
TGFB2,92,44,-63.12239594,136
TMEM86A,25,5,-64.04554825,30
TAT,4,3,-64.06296757,7
LINC01001,79,48,-64.29252543,127
BCAR1,206,148,-64.38646481,354
LINC01559,3,1,-64.61498642,4
CTSK,49,34,-64.75983512,83
NOS1,3,1,-64.76601791,4
STON1,24,17,-64.99083989,41
SLC16A9,187,12,-65.21112693,199
TMEM100,28,5,-65.28539646,33
LMO7DN,31,21,-65.41707303,52
PRSS36,28,18,-65.87691357,46
CD22,8,3,-65.9944569,11
AKR1E2,6,1,-66.29067121,7
IPO4,87,64,-66.54978554,151
NALCN,3,2,-66.61774368,5
SAA4,15,6,-67.43424443,21
MEX3C,161,109,-67.81486701,270
CD163L1,35,5,-67.88177986,40
ITGBL1,4,1,-68.6218071,5
GPR183,95,57,-68.90885343,152
GFI1,3,2,-69.23181763,5
ANO3,3,2,-69.26070251,5
SPACA3,7,1,-69.57268906,8
NEB,8,1,-69.71190474,9
XDH,25,12,-69.86000205,37
SLFN12L,5,2,-70.18529402,7
DEPDC1,9,4,-70.39884802,13
DCTN1-AS1,2,1,-70.82788086,3
PTPRB,24,10,-71.28255867,34
MED4-AS1,3,1,-71.86099625,4
SLC16A12-AS1,3,1,-72.31763649,4
PCF11-AS1,8,6,-72.34681756,14
PRG4,3,2,-73.07828674,5
PTGS2,258,144,-74.17612163,402
FCRL2,4,2,-74.35669963,6
IGKV2D-29,3,2,-74.58711395,5
CA10,21,1,-75.02120538,22
FDXACB1,26,11,-77.1306641,37
PICALM,342,263,-77.45643845,605
GNAO1,2,1,-78.69149399,3
FUT8,251,147,-79.7627986,398
CDH11,36,12,-80.87514178,48
PTPN22,34,16,-82.43076584,50
CR2,4,1,-83.41508942,5
MMP13,23,1,-83.60659726,24
CYSLTR2,3,2,-84.68831787,5
C1orf112,28,10,-86.80012633,38
NTS,103,26,-87.1156104,129
NR2F2-AS1,20,9,-89.47936249,29
LINC00239,25,19,-94.7855476,44
LINC01553,8,1,-95.44268629,9
C1orf105,2,1,-101.6056188,3
FRMD6,25,4,-101.6534458,29
ACMSD,5,1,-102.0610936,6
MMP3,6,3,-102.4386622,9
DPP10,47,8,-102.854885,55
TAS2R30,3,2,-106.7613159,5
LINC00539,4,2,-106.8185666,6
TCHH,2,1,-111.7082138,3
GBP2,199,137,-111.9492652,336
FCRL3,3,1,-114.0508909,4
FAP,17,3,-114.1539495,20
IGKV3-11,5,3,-117.8935227,8
RGS18,2,1,-123.2752062,3
DPYD-AS1,14,3,-130.4549915,17
BBOX1-AS1,6,3,-176.1037903,9
CHRNA7,3,1,-189.0077972,4
RDH16,2,1,-200.2060496,3
