gene,count_cancer,count_normal,delta,count_total
CD5,10,10,277.13952484130857,20
HCN2,1,1,187.28974533081052,2
RASD1,207,214,183.6922264099121,421
NPIPA1,53,51,182.6306645320012,104
TCAP,12,12,180.40080038706463,24
IMP3,486,476,171.77694321471787,962
USHBP1,3,3,167.5706075032552,6
TUBGCP5,46,50,162.51892423629764,96
HAGLR,278,294,148.96819152031748,572
CD248,2,2,147.67274284362793,4
TBC1D26,1,1,141.5252227783203,2
HAGHL,132,121,137.23817875074303,253
TPSAB1,30,30,136.03880818684897,60
TMEM251,241,224,134.02131295152887,465
NDUFA13,700,765,128.20194478734766,1465
FAAP20,657,645,127.56034574494018,1302
TNNI3,46,42,124.24502797560255,88
COL8A2,15,15,122.42721023559572,30
TRAPPC12-AS1,2,2,122.40408134460448,4
AKT1,382,385,121.92746621720016,767
TMEM132B,2,2,119.45147609710692,4
NUDT16L1,338,330,118.407344898064,668
AQP2,1,1,117.6060562133789,2
TNFRSF14,269,253,116.6575136586624,522
HOOK2,529,516,113.18885268069911,1045
SLC22A31,650,640,112.89390681658604,1290
VWA1,407,370,109.75614553129964,777
KRT19,917,1005,107.4014492689881,1922
SREBF1,237,230,107.37706763943464,467
TOP3A,44,46,102.83309088812932,90
UQCRH,955,1009,101.1417249458142,1964
LDB3,4,4,100.81411933898926,8
B3GNTL1,56,57,99.30810249801232,113
OXER1,6,6,98.80352973937988,12
TBCB,466,431,98.22343142880511,897
PERM1,10,9,97.52893989964534,19
TMEM253,4,4,96.46542263031006,8
FENDRR,5,5,96.37912063598633,10
MRPS34,626,568,95.74426129595118,1194
IGFBP4,607,548,94.99263034176516,1155
MRPL28,347,329,94.75564207268891,676
PPP1R13B,193,187,93.27798480987548,380
APC2,2,2,87.65656566619873,4
KCNA7,2,2,84.02491188049316,4
PANK4,30,33,83.26903558155846,63
SMIM1,352,318,82.82236624191057,670
MEGF6,191,183,82.4123583094959,374
SPSB3,327,327,82.18241561516345,654
GAPDH,960,1066,81.62983406119616,2026
ADRA2B,6,6,81.43864568074545,12
MUC6,1,1,80.5038833618164,2
PLPP4,1,1,80.23631286621094,2
NME3,616,583,79.40983101762862,1199
SPATA32,1,1,78.7602653503418,2
WNT9A,17,18,76.84823434012276,35
PFDN2,673,608,76.66320531578572,1281
LMNA,925,983,76.6282995212003,1908
LMF1,72,71,76.37832833670237,143
ZNF653,23,21,76.18445465781471,44
DUSP2,130,139,76.07172666074618,269
RBFOX1,1,1,75.18458938598633,2
TMC4,366,363,74.0910852586618,729
PIGQ,204,213,73.83923427664119,417
KCND3,47,49,73.01877291997273,96
NDUFS3,458,441,72.89210408415492,899
LINC01115,1,1,72.89039993286133,2
ATP1A3,2,2,72.57877349853516,4
CYBA,807,731,71.01999639503667,1538
LARP4B,309,315,70.35210179059933,624
KRT18,983,1006,70.1121306364233,1989
APOE,429,471,69.8396325047811,900
SHISA6,2,2,69.82858467102051,4
BAIAP2,557,530,68.29388516872655,1087
BTBD19,41,37,67.63827622242462,78
UROD,267,241,66.90488992525835,508
TRAPPC2L,516,527,65.87438825861493,1043
SLC47A2,6,6,65.47154744466145,12
MRPL11,475,439,63.8363529514171,914
NLRC5,40,38,63.09847953992012,78
LGR6,5,5,62.86849365234376,10
GSE1,291,292,61.81156691065374,583
PTGIR,2,2,61.70585441589356,4
NTRK1,1,1,61.22478866577149,2
ATP11A,655,657,60.70841113532461,1312
STAT5B,81,76,60.69731504598242,157
RAB3B,6,6,60.20758438110352,12
PSMA1,617,618,59.25168056101933,1235
KRT8,907,967,59.172555371816784,1874
MRPS5,425,387,57.67142043090219,812
CD79B,6,6,57.21289189656575,12
TMEM37,196,190,56.58774623969677,386
PGLS,667,612,55.81760006234272,1279
NINJ2,398,385,54.89508765014803,783
POLR2I,712,664,54.60686533118403,1376
ARFGAP2,246,234,54.3722169717153,480
MPV17,285,278,53.95141052733942,563
ARHGEF40,36,37,53.80513387183622,73
ORAI3,170,158,53.57073786200547,328
DTX1,3,3,52.22899500528972,6
F7,1,1,51.858436584472656,2
SMIM22,824,790,51.60531934811426,1614
NAPSA,899,850,51.52166449239829,1749
PAOX,37,34,51.40854677012268,71
TRAF3,109,103,51.35012097628612,212
NUAK2,142,128,50.90411827652542,270
AKAP8,148,155,50.87936615393109,303
PEAR1,2,2,50.197486877441406,4
GSDMA,1,1,49.68755340576172,2
GADD45GIP1,750,718,49.64599355494943,1468
MRC2,242,260,49.56766734940122,502
PLD3,811,840,49.34375696164921,1651
PLA2G15,59,59,49.3349984379138,118
ADAL,58,63,49.089283777662544,121
GLDN,41,40,48.87811580705053,81
ROBO3,35,33,48.72364212484919,68
COL2A1,1,1,48.45498275756836,2
CDC42EP3,396,357,48.42879783964728,753
ZNF181,54,53,48.22541773430655,107
HAUS8,42,39,48.20352031566479,81
CMPK1,647,588,48.19082322834957,1235
CDKN2D,89,90,48.12507993815331,179
INPP5A,75,78,47.96094951754303,153
ZBTB42,110,114,47.90920196260724,224
CNTNAP1,7,7,47.54891313825334,14
MRPL55,651,613,46.93597110917296,1264
BRMS1L,61,60,46.57490766541031,121
JKAMP,230,251,45.677079278069584,481
AEBP2,179,172,45.48479379072487,351
NT5C1A,1,1,45.30288314819336,2
TTC9B,2,2,45.05766487121582,4
TAGLN2,947,974,44.88419512024403,1921
CLK3,186,181,44.83457231651533,367
ATPAF2,136,128,44.68712549498586,264
NR1H3,104,110,44.18397746576328,214
SF3B2,530,565,44.00181586557328,1095
ELAVL1,326,353,43.9515271081489,679
IGSF8,168,161,43.8775490989801,329
IFITM2,815,811,43.77027133880652,1626
MBD3,204,191,43.38556021195424,395
TALDO1,736,692,43.11986386275091,1428
COA3,760,790,43.00089791820896,1550
MZT2B,867,814,42.74535265938999,1681
NUDT14,586,639,42.66329989063496,1225
ANKRD65,322,325,42.51114130978237,647
P4HB,891,889,42.40987690271957,1780
ERF,179,162,42.23335033427935,341
PTPMT1,374,373,42.0887830905327,747
ORAI1,215,210,42.0367461978688,425
ECHS1,582,619,41.85960454885211,1201
NGFR,1,1,41.81359100341797,2
SOCS1,142,149,41.11940844034412,291
FMNL1,75,79,41.09043928864715,154
MALL,829,848,40.59913641623109,1677
LIG1,71,67,40.579341612000405,138
NUP98,181,168,40.33559711751418,349
CNNM3,63,59,40.25703852293921,122
ZBTB7A,405,368,39.99273027269528,773
ZMYND15,27,29,39.86115101405554,56
U2AF2,241,226,39.852789721601255,467
ARID4B,528,493,39.23491582020489,1021
KMT5B,262,284,39.1162499088944,546
DDB1,445,422,38.971980428200695,867
CCDC87,1,1,38.91758346557617,2
AP2A2,314,286,38.90077246348064,600
TACSTD2,947,892,38.889752266133456,1839
MRPL34,460,507,38.879629022702815,967
TMEM120B,151,136,38.70103178123979,287
ZNF790-AS1,13,12,38.3740835571289,25
FAM72C,1,1,38.16040420532228,2
CDH1,578,523,38.128092181130384,1101
SNX27,315,299,37.59130321341151,614
LINGO4,2,2,37.28580474853516,4
RBM14-RBM4,2,2,37.25732707977295,4
FASTKD1,57,54,37.101895993894274,111
C15orf61,265,276,36.8778805829681,541
AHCYL1,622,572,36.631644065256296,1194
SPAG9,522,545,36.59732922998229,1067
KCNN1,1,1,36.50713348388672,2
LINC00900,2,2,36.23794364929199,4
HPCAL1,538,597,36.16399079041334,1135
TESK2,19,20,36.15193391457581,39
ACTN4,679,744,35.85163951238444,1423
MIDN,714,679,35.668671514178385,1393
EMC4,571,599,35.25735924549592,1170
PPIE,259,264,35.233643701381936,523
TMEM88,41,38,34.92968701712694,79
CYB561,332,346,34.61091426973147,678
AGBL5-AS1,1,1,34.543386459350586,2
SIGIRR,342,379,34.30492258270307,721
IZUMO4,55,61,34.109170782155005,116
NUTF2,362,356,34.05572353564929,718
PPP1CA,666,690,33.958759521664426,1356
SNRNP70,530,537,33.92876164758998,1067
KRT10,865,859,33.64582094958101,1724
ZNHIT2,128,132,33.591814290560215,260
ALDOA,955,969,33.42732324818316,1924
NEURL4,46,51,33.11135722681419,97
ZNF486,29,31,33.10306701660156,60
GRID1,1,1,32.81852722167969,2
CNGB1,5,5,32.754456329345714,10
SHTN1,184,169,32.744242638433974,353
PUM1,471,454,32.62422695675412,925
KMT5A,172,182,32.37264853008722,354
C2CD3,67,69,32.32755470275879,136
ADORA3,1,1,32.214988708496094,2
RAP2A,74,69,32.085113952209895,143
PLEKHO2,35,38,32.07975873555222,73
ARF3,509,491,31.879943153381348,1000
PLLP,308,338,31.848341460567504,646
MKNK2,550,555,31.793886769842786,1105
SF3B6,822,896,31.72372935675908,1718
RER1,652,626,31.486956165057023,1278
CSPG4,2,2,31.462060928344727,4
SLC25A42,52,50,30.97131639368393,102
SFPQ,729,744,30.784385072561804,1473
UBXN6,455,410,30.75119568709004,865
PITPNA,199,212,30.603757835072614,411
THOC6,183,174,30.450925575918845,357
SPG11,159,171,30.30480994022254,330
SLC7A9,2,2,30.0418643951416,4
TLE6,63,58,29.97227484332629,121
CCDC9,44,41,29.807528551887053,85
PBXIP1,295,308,29.733799746182825,603
ICAM5,70,74,29.724907663133408,144
CCDC57,484,510,29.70704775221151,994
STUB1,639,631,29.523497003269934,1270
CASP7,144,131,29.451182140003556,275
FBXO42,97,97,29.36077062862436,194
SSBP4,298,318,29.332081621343438,616
SNRPE,810,747,29.25878463774518,1557
RAB13,748,711,29.257293390034818,1459
ZC3H4,131,129,29.21270760756272,260
AURKAIP1,829,827,29.210187497346297,1656
C11orf1,428,393,29.18144898408805,821
VPS54,122,115,29.06961935180149,237
MACROD1,317,290,29.002831246943217,607
ELP5,228,216,28.94960092424273,444
TSPAN18,1,1,28.94872665405273,2
SUGP2,211,210,28.92748724423225,421
CCT4,536,512,28.92045762156713,1048
EPB41,172,189,28.74756324324251,361
KCNA2,1,1,28.716583251953125,2
CRLF3,80,80,28.64591581821442,160
BCL2L11,144,133,28.414116566792305,277
DPY30,730,739,28.055887319669985,1469
SAFB,239,217,27.84699212459097,456
SH3BGRL3,830,848,27.836225466449733,1678
RASSF7,612,616,27.817770221722625,1228
TBC1D3L,2,2,27.7668514251709,4
SRSF1,430,446,27.626795433427645,876
ISLR,5,5,27.40802459716797,10
TMEM254,112,123,27.34249494836685,235
TAF5,36,33,27.319470447042704,69
AKR7A2,434,450,27.185238385092617,884
FSD1,1,1,27.121204376220703,2
POLR2E,597,616,27.07365459935879,1213
ROGDI,308,281,27.00002040118233,589
P2RX5,1,1,26.999454498291016,2
TEX261,164,157,26.891963091223417,321
CELF1,557,531,26.884051372023187,1088
ALG1,119,111,26.784693842348844,230
PSMD4,564,521,26.734255527900658,1085
LDHA,908,914,26.71354692879937,1822
TPI1,973,1048,26.684996607278848,2021
MAT2A,404,442,26.607575157291777,846
AACS,130,134,26.45365778605144,264
PTPN18,251,236,26.449629515348263,487
WDTC1,207,197,26.36690776182874,404
RAB3A,41,37,26.10477251884265,78
FLYWCH2,211,202,25.85447079563833,413
COQ6,110,102,25.79425208973435,212
MAPKAPK5-AS1,187,172,25.71333729523469,359
USP1,281,263,25.5733024933759,544
TFCP2L1,193,181,25.42352135806161,374
DRAXIN,3,3,25.422860463460296,6
SPOP,349,386,25.39948408684763,735
NDUFB7,891,972,25.164472787788466,1863
SH2B1,156,159,25.11775192987352,315
CAPZB,669,678,25.10209216802494,1347
C1orf159,58,53,24.926244237401463,111
HNRNPF,667,687,24.88607748924717,1354
EFR3B,20,22,24.76564116705032,42
ZNF525,18,17,24.73174612862724,35
SKI,232,216,24.611454759325294,448
CYTH1,292,264,24.32867549649245,556
C19orf53,916,919,24.243681834374197,1835
USP5,164,150,24.22611144242013,314
TIMM13,785,732,24.166991830422205,1517
ZMYM2,243,251,24.164467923554326,494
LINC01127,1,1,24.161403656005845,2
UBALD1,192,194,24.05862644175791,386
TMED2,772,855,23.87978826803009,1627
EIF4A3,477,459,23.791985352834075,936
RAD23A,648,661,23.781559168245156,1309
CTNS,36,35,23.675139145112382,71
ITPRIPL2,204,193,23.53831670266255,397
CEP89,134,148,23.32941697844376,282
ABHD8,104,114,23.317834381663477,218
PIK3R6,1,1,23.2855224609375,2
VTI1B,524,493,23.17486921852435,1017
S100A13,938,881,23.031760859056902,1819
ANKRD23,12,11,23.031658670176625,23
COPZ1,537,587,23.02452115231985,1124
LEPROT,476,479,22.88817990288061,955
NDUFB10,785,861,22.77221134134805,1646
RAB5C,644,637,22.766737724262512,1281
OTUB1,380,369,22.67482893552895,749
CRISPLD2,20,18,22.50275561684056,38
PTGES3L,3,3,22.24471791585286,6
TMEM53,196,203,22.043234421197027,399
SPEN,220,237,22.035617953578026,457
AKR1A1,545,499,21.994429336197072,1044
YPEL2,189,197,21.92851785056949,386
H6PD,234,218,21.916324953062343,452
LUC7L3,619,684,21.87236491662214,1303
GSTZ1,194,182,21.85078931362071,376
AKNAD1,1,1,21.71049880981444,2
PLEKHB2,407,390,21.70897155723428,797
EPHA2,378,372,21.598608927408847,750
USP6,34,36,21.595996311732705,70
RITA1,162,173,21.563790415294136,335
CDC37,516,532,21.521666555914265,1048
PABPC4,458,415,21.38618388399908,873
ITPK1,136,126,21.384419332023803,262
ARPIN,167,158,21.32813893244816,325
BCAM,715,666,21.202257381497205,1381
UBXN1,793,721,21.13562879222229,1514
LEXM,1,1,21.10292053222656,2
PELI3,26,27,21.01437960930589,53
RCVRN,1,1,20.990562438964844,2
BAX,529,489,20.985143788905415,1018
PCID2,194,177,20.976288931710386,371
SLC35F6,165,158,20.952265771918988,323
CALR,880,935,20.943332712052616,1815
LRP1,108,109,20.84440851870769,217
KCNA3,20,21,20.64048711265005,41
GCDH,134,140,20.55940037748239,274
ZDHHC7,238,220,20.50295499943229,458
CACYBP,462,459,20.444625150367827,921
PAF1,248,228,20.40551828336315,476
CAPNS1,609,567,20.34283697361848,1176
TMEM50A,669,673,20.314186135987057,1342
SYT3,1,1,20.244667053222656,2
ALX4,1,1,20.19754409790039,2
PLK3,412,413,20.176215431906957,825
SCGB2A1,138,128,20.13816486444689,266
NIPA2,234,218,19.97976273562001,452
IST1,302,272,19.929028441266325,574
PSME4,244,241,19.90071813052463,485
EML2,139,153,19.90049154464512,292
CD151,798,835,19.784677242692524,1633
SRP9,759,802,19.778197533499352,1561
FOXJ2,74,68,19.77339218032192,142
PPP4R1,395,361,19.69617998032344,756
FBXO21,303,274,19.63891561894937,577
ATP6V0A2,71,78,19.473677590389386,149
BFAR,435,418,19.463841826247723,853
CIB1,859,860,19.391027358467312,1719
KSR1,77,74,19.2740556830602,151
PRIM1,32,33,19.196646763728214,65
GRB14,45,41,19.169037752373285,86
MDM4,358,364,19.00560157120724,722
SMARCC2,217,199,18.98150820915515,416
TPM3,746,677,18.976910535500068,1423
TMC7,38,36,18.934275343611432,74
RAB6A,329,352,18.684704756771765,681
ZNF324,61,57,18.642222679267498,118
ELL,90,89,18.52281862397433,179
ZNF417,12,11,18.478399525518,23
KRTCAP2,644,611,18.47062264248669,1255
IFT20,508,468,18.41677492172991,976
PRPF31,325,299,18.370045429620987,624
EIF3A,649,676,18.285026092529293,1325
PPP4C,605,547,18.20941838953231,1152
WBP1,19,21,18.004505348205555,40
PRDX2,824,850,17.968948733422067,1674
TLX2,1,1,17.719959259033203,2
CDK11B,206,189,17.63168343652653,395
ELOF1,505,470,17.514580598488834,975
UBR3,148,164,17.43046816801413,312
LUC7L,241,249,17.400439671107705,490
C19orf25,257,233,17.316767719813754,490
VRK1,66,71,17.216432446110865,137
TMEM161A,143,144,17.197425789118654,287
C16orf90,1,1,17.096046447753906,2
RANBP3,176,172,17.082503812066435,348
ZNF37A,170,166,16.964393547603066,336
TARDBP,356,335,16.95517115724069,691
IFT172,154,164,16.936975515113687,318
CCDC121,35,35,16.93139833722796,70
ZNF646,37,37,16.88508348207216,74
DYNC1LI2,450,461,16.45905414501739,911
USP3,271,270,16.434563218996388,541
HNRNPC,824,874,16.34199603904122,1698
RASIP1,6,6,16.321504592895508,12
VPS33B,40,37,16.23700877598354,77
VPS25,420,387,16.218733776900848,807
HAT1,238,215,16.057190505610926,453
CRB3,624,586,16.048313241753704,1210
RAB1A,674,673,16.03473592247004,1347
PKM,850,879,16.024863007580215,1729
CYFIP1,222,209,16.00100507979603,431
EIF3G,702,761,15.838547404791832,1463
RAB25,745,680,15.755029430724022,1425
DNAJC8,477,489,15.642529864735728,966
BRD4,497,485,15.624139051573344,982
AGO4,111,110,15.482311179735008,221
RASL11A,26,28,15.480905956692167,54
PRADC1,138,148,15.432518618923794,286
HDDC3,209,219,15.404558235239762,428
PYCR2,331,328,15.38573214425302,659
ANAPC11,892,946,15.317327559578018,1838
AP1G1,223,222,15.20885898718673,445
PLEKHG2,205,191,15.179667636601607,396
OGFOD2,118,127,15.155490812963365,245
SLC38A6,81,83,15.155245571601682,164
WBP2,495,545,15.110748228659991,1040
STK40,195,181,15.009526516528837,376
GBF1,145,153,14.881542180208555,298
OAT,331,344,14.859974060058605,675
GLG1,328,315,14.815278713291576,643
VPS18,72,71,14.755374775066244,143
EMG1,338,310,14.752634083783178,648
SMIM12,253,240,14.71396260135797,493
MPRIP,285,277,14.586598813745894,562
AP2S1,759,701,14.490774044925224,1460
ANKRD39,217,202,14.406506486041453,419
STX5,275,264,14.375169417853698,539
TOMM20L,2,2,14.363584518432615,4
SEC61A2,24,26,14.325698699951175,50
THRSP,1,1,14.215770721435549,2
PRRC2C,697,648,14.195982695512155,1345
IER3IP1,455,490,14.178211652160329,945
ZBTB32,2,2,14.088827133178713,4
STAT6,351,329,13.83209036658792,680
B3GAT3,249,233,13.828804973744743,482
ZNF625-ZNF20,1,1,13.794679641723633,2
CLPX,199,182,13.766283731135168,381
CCDC159,140,139,13.722282026830968,279
SMIM6,177,182,13.700904187385746,359
RNF41,186,189,13.696838928222654,375
LIMS1,354,355,13.592397929246744,709
CDK2,45,49,13.566080945603405,94
PUS3,86,92,13.557875986849323,178
TCF25,683,676,13.5485833780655,1359
COX5A,821,881,13.45923034901064,1702
CHID1,409,424,13.372004624603749,833
NFATC2IP,298,269,13.240816792483052,567
DNAJC16,128,127,13.198733011881515,255
CWC25,380,359,13.134564235826623,739
CACUL1,300,279,12.965736231037994,579
APRT,832,909,12.899385937598154,1741
EARS2,41,42,12.882991744811278,83
MAST3,53,49,12.854744331509451,102
SSTR2,5,5,12.83151321411134,10
PSMC3,430,403,12.72647598468098,833
ZFP36L1,965,1044,12.678643564135951,2009
ZC3H10,34,35,12.664313496022984,69
SNAP23,260,249,12.628888533017026,509
GTF2F1,286,266,12.511995840763705,552
DDX21,572,543,12.500382229244764,1115
SRSF10,520,542,12.461809054157383,1062
CHERP,203,190,12.432500504355396,393
BICC1,57,53,12.292286612770766,110
EXOSC10,115,127,12.286596849930184,242
LRRK1,43,44,12.251082058610592,87
TMEM205,667,698,12.09382930937268,1365
RAB31,391,367,11.976840711206124,758
RHPN2,79,75,11.902878872759937,154
ALKBH7,697,771,11.900973153698992,1468
FBXL8,65,64,11.822329794713696,129
PLEKHA3,279,279,11.793275470802,558
DDX28,42,39,11.779793915925213,81
ZNF511,373,348,11.762134895906698,721
FNBP4,308,308,11.718465922714827,616
CYB5RL,31,28,11.690801846778996,59
ANKK1,5,5,11.671582794189447,10
PARN,191,175,11.645705290830854,366
ZNF562,132,123,11.634848201976103,255
GDI2,561,532,11.632181371774353,1093
KMT5C,103,103,11.581562190379913,206
NEMF,349,330,11.425779856708516,679
REL,543,490,11.37282292678995,1033
SLC26A9,151,147,11.201601322865317,298
WDFY2,145,131,11.16161133586496,276
EYA3,96,91,11.152698537245158,187
TMPRSS12,1,1,11.11838150024414,2
SDHAF1,220,198,11.112902025286658,418
MRPS35,289,262,11.08875312735944,551
GUK1,908,965,11.06150384058752,1873
SF1,666,611,10.965551616815077,1277
PSMB10,116,128,10.939757300204931,244
HNRNPUL1,513,553,10.863451072020126,1066
NDUFS8,754,757,10.817725736364316,1511
GRIN2A,2,2,10.80435562133789,4
SGF29,109,116,10.715751529269744,225
PSMA3,535,532,10.713527025188824,1067
USP14,265,250,10.707176741813,515
SNRPD2,887,956,10.667918165416992,1843
ACADS,213,208,10.64691616973515,421
MICU2,222,239,10.6267833751091,461
TTC22,57,54,10.481035593393685,111
DDX6,397,372,10.464280266135503,769
SLX4,33,33,10.372596393932,66
CEBPG,219,221,10.363934516906738,440
ZBTB8B,2,2,10.331361770629885,4
ZNF136,70,71,10.327287930968808,141
CHTOP,406,373,10.247376374622974,779
ADNP2,139,135,10.233119546932016,274
SRSF9,698,707,10.191330363317732,1405
CCSER2,318,348,10.057938590064062,666
RETSAT,174,165,9.971820775034857,339
ARHGAP32,244,250,9.903454058566084,494
MIEN1,663,662,9.86803700860942,1325
TAF6L,49,45,9.793475455426162,94
DEF8,200,209,9.71353076664336,409
PTP4A2,796,790,9.660233383371136,1586
PRR13,771,812,9.608984816473496,1583
AMZ2,288,268,9.447161832301733,556
CITED4,124,122,9.409028991451107,246
TPM4,587,538,9.397615871853304,1125
HNRNPM,563,564,9.376234875385386,1127
XAB2,247,250,9.375742691623373,497
ZNF682,81,90,9.368049197726783,171
ANGEL2,132,120,9.316550633263958,252
TM2D1,381,368,9.256898582061233,749
VEZF1,375,396,9.209922691572814,771
CAND1,340,309,9.196760979933076,649
THNSL2,179,185,9.060580829997631,364
NUFIP1,88,86,9.002087034028158,174
IPO13,70,73,8.994319568980828,143
YTHDF2,529,487,8.970059443646527,1016
TNFRSF1A,455,428,8.954153516689487,883
CKAP2,48,44,8.945199551789656,92
ELOVL1,308,331,8.93813835585808,639
SSRP1,391,356,8.888990144333846,747
CREBBP,286,274,8.868973091670455,560
COX20,505,480,8.85663030014426,985
MRPL20,812,856,8.779344350599843,1668
PRMT7,107,99,8.603955537370112,206
LSM4,644,596,8.583192062377933,1240
SCAMP4,271,287,8.574290723356292,558
PTEN,299,296,8.564479795824582,595
PPFIBP2,93,86,8.542922973632812,179
LONP1,224,216,8.53724275068803,440
BACE1,63,59,8.471690506231596,122
HACD3,460,492,8.467626904239168,952
FAM81A,22,21,8.457658279773796,43
SNW1,332,340,8.442957832699733,672
LSM7,653,657,8.423470993624392,1310
AXL,81,78,8.353111698942357,159
RBM4,172,169,8.203321686238496,341
PDCD5,636,590,8.186353036279975,1226
FAIM2,2,2,8.075569152832031,4
MRPS21,763,785,8.069030190007012,1548
TRIT1,77,82,7.980971690243898,159
PRKCSH,503,476,7.970100866518422,979
IER5,506,458,7.913671620159221,964
SNRNP35,177,177,7.849068776362365,354
MTF1,134,123,7.798524685870802,257
MPV17L2,82,89,7.721094655711752,171
GMEB1,88,85,7.55468320019672,173
SSR2,857,939,7.526013607968196,1796
PSPC1,249,247,7.470165298831091,496
FKBP8,732,771,7.427804775580682,1503
ECSIT,262,255,7.415196726815608,517
UBE4B,140,132,7.400356713463275,272
MICU1,233,242,7.317870828728928,475
HAUS1,143,131,7.296793220687086,274
ZBTB8OS,376,347,7.1745304883268375,723
ZNF236,49,51,7.137335281372074,100
GDPGP1,46,42,7.095875306562945,88
CDC42,812,890,7.027484609153376,1702
COG1,95,88,6.967682927032627,183
LGMN,633,652,6.9259750425583775,1285
GALE,400,370,6.813555452421113,770
LRP10,583,577,6.718557222958268,1160
MNT,122,133,6.695776217591529,255
GPR137,146,133,6.687457860584317,279
PKD1,162,160,6.674241119289988,322
EI24,674,642,6.619856211189806,1316
DHRS1,214,218,6.604541937510177,432
HNRNPR,472,472,6.546170064958474,944
PRPF40A,517,488,6.518510133354226,1005
EPS15L1,102,103,6.444657023360094,205
FLII,227,218,6.425941904475181,445
ZNF528,33,34,6.367543576368632,67
RNF214,92,84,6.339241157878533,176
RERE,381,344,6.331970814672019,725
SUCLA2-AS1,1,1,6.298069000244141,2
EMC10,561,602,6.279073464286185,1163
THUMPD1,339,345,6.228259125648194,684
MLF2,597,587,6.19556419269459,1184
AURKC,7,7,6.183511461530415,14
RBM8A,777,776,6.1712256196384985,1553
PCP2,26,26,6.103876113891602,52
DNASE2,292,311,6.082004781188459,603
AP1M1,151,143,6.001115344819567,294
HMG20B,341,349,5.903316895858097,690
CD2BP2,377,350,5.893882289713318,727
ZNF784,47,49,5.876681605974831,96
NDUFV1,503,463,5.720466708544606,966
SESN2,89,88,5.665294410145208,177
SLC1A5,273,253,5.601413951627201,526
F11R,618,561,5.593273551106151,1179
KNSTRN,47,43,5.552251603868271,90
ZNF740,42,42,5.368372599283845,84
TRADD,395,364,5.268787786109336,759
ANKRD36,73,73,5.248006533270015,146
IRS2,323,291,5.224548426823816,614
MFAP1,186,173,5.2120054877236015,359
ZFP28,17,18,5.116741943359372,35
TANGO6,41,38,5.0572048621841645,79
CUEDC2,323,300,5.046855742820384,623
CXCL16,375,404,5.013620839345435,779
TUBGCP3,97,91,5.0085118070561805,188
MRPL19,244,253,4.899462678782655,497
ZNF625,12,13,4.894880523681636,25
SPPL2B,167,154,4.819245620680007,321
HP1BP3,535,483,4.809889345599999,1018
MRPL57,734,805,4.724768040627914,1539
ZNF823,18,17,4.722952706473208,35
PRSS33,1,1,4.722606658935547,2
VMP1,723,701,4.6558464778943005,1424
PTPN9,100,98,4.636633535828253,198
TFAP4,28,28,4.605002267020083,56
ERH,820,857,4.576392663399517,1677
S100A7,1,1,4.525989532470703,2
CDIP1,98,91,4.478360938016706,189
PITRM1-AS1,2,2,4.452926635742188,4
SMYD2,194,186,4.373979929873826,380
SLC9A3R2,413,443,4.3696303768692815,856
RBMXL1,146,161,4.341538121723588,307
WDR47,54,57,4.32979655910183,111
DNTTIP2,239,225,4.32621021928459,464
ARL2BP,334,350,4.322418608860659,684
MAGOH,456,495,4.307781785068443,951
DYNC1H1,346,379,4.306167392072993,725
CLUH,112,104,4.290778477986649,216
CREB3L4,109,106,4.24989588537882,215
DHDH,39,38,4.225026415540029,77
SYF2,642,629,4.175431942583359,1271
COX16,148,154,4.153442837544631,302
C2orf74,152,157,4.122241615863302,309
BCCIP,252,236,4.09323576630139,488
TAX1BP3,394,437,4.01263336842672,831
MBD6,154,150,4.009224113665127,304
DFFB,24,24,3.9881141185760423,48
STARD10,629,697,3.958268661844244,1326
RNPS1,556,544,3.887498279918333,1100
ARNT,150,138,3.8256611691580886,288
EPN2,191,185,3.8058786493666616,376
PSMB2,580,609,3.687025562668168,1189
IFNLR1,20,21,3.647938053782397,41
ARHGAP17,94,102,3.553593771798262,196
RAB11B,535,591,3.51075930282024,1126
MGA,88,91,3.450841807786311,179
GID4,53,57,3.3748884027654498,110
CCDC59,421,423,3.358238581797522,844
RAB1B,393,427,3.3162853054883925,820
ETFB,675,745,3.2984372259865324,1420
ZFPL1,194,181,3.277474548339839,375
GMPR2,297,275,3.2445093168245336,572
S100A9,638,671,3.06772167651684,1309
PNN,469,460,3.046410374800537,929
ZNF285,2,2,3.03079605102539,4
POP5,293,281,3.014099679342138,574
PTS,352,339,2.950160764923311,691
RPA2,240,220,2.916559227653167,460
CELA2A,2,2,2.8756046295166016,4
MIB1,161,146,2.841626493472617,307
PPT1,347,359,2.7937761906523804,706
USP10,195,200,2.7915514306177016,395
PSMB3,775,779,2.7903608717359845,1554
SNAPC5,253,230,2.7766556986617275,483
TAS1R1,3,3,2.670421600341797,6
NASP,380,400,2.6559911532279727,780
DEDD2,245,263,2.6453022243469704,508
MAPK4,5,5,2.6039207458496207,10
IVD,287,310,2.573911171662345,597
FAHD2A,155,148,2.524814567943622,303
CNST,108,119,2.4376911045696232,227
FBXL15,356,369,2.432831326188719,725
MRPL16,282,259,2.3080380875169624,541
EZH1,102,100,2.304063475958202,202
YME1L1,509,560,2.279362188754959,1069
BANP,92,87,2.2570412491952823,179
RABGGTB,345,359,2.102452592416242,704
COQ9,202,184,2.058677554748222,386
MYSM1,100,95,2.013485306959886,195
FN3KRP,156,144,1.9442633819580093,300
EBNA1BP2,409,423,1.935749072294982,832
CAPN2,673,698,1.8671325472129892,1371
MUL1,109,106,1.8297525450240784,215
PDIK1L,62,58,1.783575439453131,120
CDC123,283,261,1.777772174162024,544
MAPK8IP1,61,63,1.7739298420567735,124
HSPB11,419,456,1.7452670985630618,875
UBTD1,404,420,1.701831650965417,824
TOMM20,816,837,1.6622522334510137,1653
TATDN3,82,77,1.6603110451368366,159
KIF5C,1,1,1.6593971252441406,2
GLT8D2,9,9,1.588933308919266,18
COMMD4,348,359,1.5845330223504277,707
CCDC115,272,296,1.5529395694464014,568
BNIP2,257,248,1.5382236216327954,505
SNRPG,852,861,1.5313359587358093,1713
TIE1,4,4,1.4958477020263672,8
NSMCE1,349,353,1.487499258796717,702
PAN2,73,76,1.483682466033315,149
CLIC4,204,204,1.429363063737462,408
GAST,2,2,1.4122447967529157,4
BTBD1,104,113,1.412022814772655,217
LRRC37B,73,79,1.3172815473456154,152
ADAP2,36,37,1.2832418990461747,73
ZNF383,39,38,1.269925897771671,77
GRN,756,687,1.2308319102371286,1443
ETFA,327,336,1.2056864972927173,663
KDM8,7,7,1.1219324384416751,14
ZNF649,15,14,1.0509264715786628,29
ZNF274,102,110,0.7133204981965804,212
ZNF691,39,37,0.6371699885318094,76
TRAPPC4,380,351,0.6265148575100454,731
FMO5,272,283,0.5709458909593224,555
RFX5,130,119,0.5336243656265651,249
HEATR5A,112,105,0.5328850460491878,217
UQCRFS1,598,599,0.5296058495440974,1197
VPS13D,151,167,0.4921143249895578,318
FDXR,160,167,0.4791585939739917,327
ARL1,394,405,0.426613350535213,799
SMG1,294,288,0.3742750567668906,582
TRIM66,41,40,0.2261327107747348,81
ZNF638,302,330,0.1505173429658128,632
PPA1,847,896,0.0930543068969598,1743
SPNS1,215,202,0.0692435614496673,417
TUT1,66,62,0.0553624033927917,128
ACOT1,1,1,-0.0020790100097656,2
OSBP,200,187,-0.0080708939899665,387
TGFB1I1,108,107,-0.0918771433275793,215
LINC01569,30,27,-0.1891862969649409,57
C1orf115,41,37,-0.1914979983598783,78
PTPN20,16,17,-0.21234130859375,33
ARL6IP1,589,558,-0.2191285862544347,1147
DAD1,818,903,-0.2314278726173242,1721
HMGCL,216,213,-0.2451423520530653,429
DDIT3,362,373,-0.2810170387735269,735
OS9,492,506,-0.2832045469112074,998
MAEL,2,2,-0.3267345428466797,4
CD8A,20,22,-0.3365275065104214,42
MMADHC,439,484,-0.3628237756334442,923
DNHD1,37,35,-0.3876996570163271,72
COG7,145,134,-0.3986897895840329,279
PMVK,554,593,-0.4662201872262841,1147
THAP11,193,203,-0.4785702830613303,396
PHKB,298,293,-0.5570888357920865,591
NEK7,228,235,-0.5671258188993278,463
CDKN2C,53,48,-0.5944418576684427,101
YIPF4,380,377,-0.6997752019562284,757
LINC00324,19,21,-0.7627635955810632,40
TMEM147,743,763,-0.8273263705837479,1506
TFCP2,99,109,-0.8505633794344334,208
USP32,152,163,-0.9823775276305184,315
CAMSAP3,143,157,-1.0311345926920552,300
PTPN11,213,223,-1.0368030443104033,436
MIA3,224,213,-1.0748036818864364,437
BCAN,2,2,-1.094133377075195,4
SNRPD1,587,627,-1.1145696844261224,1214
NDUFA12,593,637,-1.1492166410616846,1230
CYB5R1,379,367,-1.16967755028773,746
SRP54,314,298,-1.1958368837443911,612
FAM20A,324,332,-1.2005163983600795,656
CLPP,426,418,-1.256744226573204,844
SEMA4F,41,43,-1.332246689569388,84
GXYLT1,115,118,-1.3637490661359095,233
ZNF84,93,90,-1.3775704805968303,183
HDGF,586,547,-1.4262486901413638,1133
PINK1,220,206,-1.5667260219233723,426
PRMT6,55,53,-1.5705328340883682,108
MRPL27,503,511,-1.6506527857432474,1014
AFG3L2,200,201,-1.650842433558438,401
BCKDHA,12,13,-1.6811285400390688,25
NOL9,109,103,-1.6846597419594789,212
C12orf4,57,60,-1.7337207631168212,117
CCNT1,157,157,-1.7603483382304006,314
MPHOSPH9,70,65,-1.77533122875073,135
ESRP2,140,149,-1.83944927862359,289
ZACN,1,1,-1.875102996826172,2
MDP1,51,49,-1.8770040130615229,100
STRN3,196,192,-2.0185976716661003,388
ARV1,249,245,-2.1126311143882788,494
RNPC3,125,126,-2.114542015045288,251
HEBP1,428,438,-2.1354424033924744,866
CHST10,42,42,-2.1983178456624373,84
SCAMP2,320,321,-2.2089617189118727,641
CRYZ,210,216,-2.2368589768387324,426
ATF7IP,173,173,-2.3200923610973945,346
CD55,860,860,-2.3343864219133224,1720
CLCC1,101,104,-2.3388437410680183,205
ZFP14,95,96,-2.3706230642907897,191
SFSWAP,202,209,-2.3859671525421504,411
PCBP1,809,896,-2.3896592707927624,1705
MRPL52,658,617,-2.4346777762618785,1275
CTDSPL2,122,116,-2.4803499173717256,238
C19orf84,1,1,-2.503456115722656,2
RAB5B,332,362,-2.517175218213879,694
RAD51C,157,149,-2.521813486136651,306
KDELR1,598,625,-2.5540779718880917,1223
SH3YL1,567,602,-2.581473801664245,1169
GLYR1,259,273,-2.5858159459623096,532
NIPAL3,207,197,-2.6693325798110195,404
BEND5,47,48,-2.6826373451634424,95
THUMPD2,119,114,-2.701761041076395,233
FAM219B,166,162,-2.730098003294408,328
SENCR,1,1,-2.83536148071289,2
NUFIP2,439,451,-2.91267325583469,890
C11orf54,242,260,-2.923475455477885,502
GCHFR,601,583,-3.012427916397918,1184
FUBP1,273,251,-3.1490817470404977,524
C1orf43,749,723,-3.1543054425198136,1472
LIN7C,180,167,-3.175391183462878,347
RAB10,475,435,-3.17659631247048,910
IPO5,252,232,-3.207377126394235,484
FECH,46,51,-3.222613855735545,97
NFE2L1,303,290,-3.320030932884791,593
TMEM247,9,9,-3.366260528564453,18
EIF3I,648,627,-3.4105264521580096,1275
ANP32E,308,337,-3.442517054358205,645
ANKRD10,332,306,-3.5048517567984305,638
HNRNPA3,756,792,-3.514699610628824,1548
C1orf210,252,277,-3.6831285300011416,529
CTDSP2,453,471,-3.686287760218505,924
SYT17,122,110,-3.726981870059312,232
FBXO17,24,26,-3.731124267578125,50
SCYL3,97,93,-3.828368939851458,190
ALDH3A2,340,370,-3.852428275094909,710
PITRM1,134,138,-3.92277167825138,272
MIB2,203,191,-3.9888860247461935,394
TSG101,431,428,-3.9981297769424486,859
IRF2BP1,102,97,-4.002630377534644,199
GCC2,492,488,-4.027315536810434,980
FRA10AC1,226,226,-4.060827373403356,452
SGMS1-AS1,38,39,-4.088767014540636,77
NFE2L2,609,624,-4.192033500083568,1233
GCFC2,93,101,-4.2923482521293295,194
ACP7,1,1,-4.300346374511719,2
METAP2,630,654,-4.31230264586452,1284
TAF15,365,334,-4.414685763685156,699
SART3,109,110,-4.4173821575565455,219
RNF10,365,358,-4.495451129158823,723
LPIN1,225,240,-4.510848391953331,465
AP4S1,75,75,-4.515696309407559,150
NAA60,227,211,-4.574189085938613,438
ALKBH6,112,118,-4.628290955916697,230
PITPNA-AS1,151,149,-4.684419593811036,300
S100A10,974,1081,-4.81442101842876,2055
ZNF552,85,85,-4.836907914105581,170
CNN3,601,605,-4.902035809670323,1206
UGGT2,78,85,-4.912197510888973,163
SNUPN,129,129,-4.92588031384372,258
MADD,104,96,-4.939903945922865,200
ADAM10,250,236,-4.984081660769121,486
PPP2R1A,513,502,-5.081530325753349,1015
CDK17,76,70,-5.091497290624332,146
OPA3,174,171,-5.14546236784561,345
MAPK1IP1L,427,412,-5.246072344046809,839
CYTH2,418,395,-5.319043777672277,813
TESC-AS1,1,1,-5.3862152099609375,2
DDX10,110,101,-5.4360385551271975,211
PPP1R8,166,153,-5.456864407817406,319
IMPA2,322,340,-5.532187677942375,662
NGDN,230,208,-5.558384028743937,438
TTC31,60,55,-5.594370369289223,115
KDM4A,141,137,-5.603251724792045,278
GCC2-AS1,2,2,-5.624177932739258,4
CRIP1,406,432,-5.653546699760639,838
PSMD8,697,703,-5.683351530347551,1400
POLR3GL,424,396,-5.732055403546582,820
CTRL,1,1,-5.734851837158203,2
IKZF5,89,98,-5.735316108254821,187
ZNF91,201,210,-5.758252461751297,411
NUDT19,125,118,-5.761795483498915,243
ARPC5,621,640,-5.82548103060256,1261
HSPBP1,254,279,-5.826764019076862,533
DUS2,39,43,-5.849188548762626,82
TMEM170A,211,208,-5.875794950134704,419
ZNF248,51,48,-5.970472008290912,99
RMND5A,161,152,-5.999100072696194,313
L3HYPDH,52,49,-6.024796287612162,101
ASB8,168,170,-6.048902252016688,338
RAG1,3,3,-6.080791473388672,6
GPRC5A,823,840,-6.128145489718492,1663
PITHD1,352,381,-6.1572747952616,733
AIDA,422,409,-6.186731951331396,831
PAQR7,74,70,-6.305228763156464,144
ERICH4,6,6,-6.314219792683929,12
AKAP1,385,386,-6.367071238318616,771
RHOU,162,151,-6.4352086953842615,313
PPP3CB,173,180,-6.458729233350027,353
WDR25,70,70,-6.490151814052041,140
CMTR2,136,135,-6.6069628163017455,271
TGOLN2,463,479,-6.707836693765756,942
NUDT5,482,442,-6.710043737898658,924
GTF3C1,129,134,-6.744607990685523,263
CAMTA2,80,73,-6.785906523660898,153
HADHB,346,358,-6.818254254081026,704
KIAA0586,68,70,-6.890979075777352,138
CUL5,281,274,-6.948720351210582,555
IPO8,105,95,-7.014010086059571,200
LSM14A,425,454,-7.284736277435968,879
C12orf76,231,249,-7.349249299367273,480
ADK,435,392,-7.392260836286439,827
YIF1A,595,550,-7.590560599914284,1145
PHB2,561,578,-7.645001127596373,1139
ZNF726,16,15,-7.683555603027344,31
HAX1,547,553,-7.693046458851199,1100
NUP37,115,110,-7.712191636827256,225
VAMP3,341,310,-7.738801150461128,651
SLC16A1,17,17,-7.746727214140051,34
ASH1L,452,456,-7.752079371313691,908
KRT2,1,1,-7.774871826171875,2
C1orf52,230,209,-7.781244021613404,439
LIPE,46,46,-7.842889288197384,92
RPRD2,242,219,-7.876465737431801,461
CLEC16A,101,103,-7.902257956710514,204
DPF1,3,3,-7.9785168965657505,6
SIK3,162,170,-7.992077080600239,332
YWHAQ,739,790,-8.000577808128142,1529
ARL6IP6,179,170,-8.03866028444132,349
TADA2A,58,58,-8.12487661427464,116
RNF111,107,114,-8.143675929280974,221
MSLN,342,333,-8.188247420699511,675
MRPS15,674,667,-8.216797074126617,1341
NFYC,201,193,-8.218234628590224,394
COL5A3,1,1,-8.273582458496094,2
MCRS1,190,177,-8.309219090100527,367
CLN6,149,135,-8.334012850909147,284
COMMD1,331,363,-8.438575431318043,694
CCDC73,2,2,-8.44051742553711,4
WNT5B,25,23,-8.539165576299041,48
SAR1A,470,504,-8.543935877586541,974
PHF11,194,211,-8.589039649492435,405
TIA1,266,256,-8.671902426357931,522
ETV2,45,42,-8.688233211122707,87
WAC,536,543,-8.7429107369042,1079
LIMA1,377,343,-8.771392822265625,720
MYDGF,688,739,-8.778389394074438,1427
FAM168B,213,218,-8.778856193383156,431
FRS2,103,98,-8.785414282955344,201
COPE,745,806,-8.891661790937562,1551
SNAPC1,181,169,-8.930670700073243,350
NVL,106,101,-9.065894822567556,207
VDAC2,691,724,-9.11091099391978,1415
ARID4A,325,337,-9.161952983936873,662
DEGS1,247,247,-9.207093458909256,494
AVPI1,270,287,-9.265374798320993,557
GDAP2,112,101,-9.314285636507847,213
LBH,198,198,-9.419328843704378,396
DCAF6,279,308,-9.433930457146031,587
COG3,155,141,-9.684118941023542,296
ANXA11,751,759,-9.699838991986198,1510
TSPAN14,303,306,-9.819725412453336,609
LGALS3BP,846,893,-9.8344669045903,1739
PEX14,116,109,-9.889002516004766,225
DENND2D,203,183,-9.93873133684069,386
LTA4H,636,631,-9.968857714766685,1267
MGAT4A,116,120,-9.994352340698242,236
AAMDC,317,336,-10.012151358868763,653
CHRNE,6,6,-10.118953069051116,12
PAN3,133,137,-10.168535727041744,270
LCMT1,299,273,-10.205729344508027,572
PSTPIP2,50,46,-10.240636507670075,96
C19orf67,1,1,-10.285846710205078,2
KRTCAP3,555,510,-10.311620470503684,1065
BCAR3,69,65,-10.32311419586638,134
CTDNEP1,398,399,-10.329014494547735,797
PNPLA2,393,385,-10.36231552359378,778
LACTB,133,134,-10.394287223673048,267
TIMM8B,627,624,-10.400346989254302,1251
ZNF578,3,3,-10.43682225545247,6
ACAD10,69,67,-10.49638706095078,136
VCPKMT,58,60,-10.618211778543769,118
ZNF470,11,10,-10.626293000720793,21
ZNF25,32,29,-10.678357608982765,61
HOOK1,229,209,-10.700308107349969,438
SLC30A4,9,10,-10.707564906070104,19
CYB561A3,174,163,-10.75277643175437,337
PRKAG1,193,209,-10.771252703310836,402
UBXN4,668,696,-10.77272440890762,1364
TMEM9,415,456,-10.85592802903956,871
CKS1B,434,397,-10.86345775893448,831
BIRC6,276,263,-10.88897981095181,539
ACTR10,379,368,-10.96199304256414,747
SIPA1L1,172,180,-11.028508446433335,352
ATAD2B,99,106,-11.029465075236992,205
NAP1L1,849,917,-11.115519112125796,1766
ACTR1B,309,283,-11.32843532433381,592
DOCK9,292,265,-11.356635061157874,557
TAOK2,160,152,-11.545087080735428,312
TC2N,405,436,-11.568453195687567,841
ASXL2,191,185,-11.585763302255188,376
GATC,130,130,-11.660317156865048,260
SPPL3,320,301,-11.690293144680652,621
DDI2,186,200,-11.769160018683706,386
PPP1CC,483,476,-11.816577835799023,959
ASB16-AS1,60,56,-11.884854645564644,116
RRAGC,239,241,-11.957160059611006,480
ZNF556,2,2,-12.121545791625977,4
NOLC1,281,282,-12.197634844331075,563
M6PR,356,363,-12.255641507505544,719
FLT3LG,33,31,-12.286424040794373,64
CLYBL,40,42,-12.28782718937572,82
DHX32,154,152,-12.363209219539854,306
ARIH1,518,494,-12.389944604263007,1012
SCYL2,226,231,-12.405625549917415,457
STK32C,68,64,-12.427462837912827,132
KLC1,251,252,-12.483854108017908,503
TRIM16,61,58,-12.484418788877846,119
ARFIP2,321,302,-12.540428761685831,623
AGTRAP,393,379,-12.562782781729432,772
UBE4A,190,178,-12.58811376405798,368
GABPB2,81,83,-12.62210406326666,164
ZNF543,10,11,-12.688741411481573,21
CTBS,217,225,-12.786618815288286,442
PCCA,91,91,-12.796729496547153,182
PHOSPHO2,74,75,-12.819694519042969,149
EIF5A,579,639,-12.877068596324705,1218
PFKM,81,84,-12.883163174715918,165
MLH3,125,118,-12.88982937659746,243
CHCHD1,533,526,-12.925323914986263,1059
EID2,129,123,-13.092796598161968,252
AKAP10,112,113,-13.153644951714398,225
OTUD7B,147,157,-13.23556686702527,304
ZNF507,89,83,-13.237276786981624,172
ZNF45,26,26,-13.368709564208984,52
C12orf43,112,107,-13.39466352767596,219
POMP,828,865,-13.421590013047757,1693
SOCS5,101,96,-13.499377991342314,197
ZBTB44,340,348,-13.522761699765226,688
ZNF791,198,188,-13.613553457309544,386
CHURC1,448,442,-13.62116902383525,890
ARAP1,206,196,-13.651845296223954,402
SIDT2,100,105,-13.658789732398048,205
ATPAF1,211,225,-13.727975302879967,436
CHD4,562,512,-13.72837563200369,1074
HIF1A,396,403,-13.728619820185386,799
ZNF530,10,9,-13.746468794973268,19
NEXN,35,35,-13.774736022949211,70
CATSPER2,66,62,-13.815520942211151,128
AKIRIN1,322,331,-13.850080861066786,653
C2orf42,28,29,-14.01945207830061,57
SVIP,566,554,-14.041267415455408,1120
DUSP11,136,131,-14.104074142398916,267
MBD5,85,92,-14.10789416469423,177
CLASP1,143,139,-14.129165351813562,282
RASSF8,121,125,-14.162287053053944,246
MEAF6,509,561,-14.186992752217805,1070
COG4,114,113,-14.194172308833586,227
ELAC2,82,91,-14.249148925604842,173
AKT1S1,223,204,-14.30735934255273,427
YLPM1,205,215,-14.307621637980148,420
MYO3A,5,5,-14.355448150634771,10
ZNF432,39,41,-14.39175472259521,80
TPP1,335,364,-14.44255787381458,699
ZNF302,152,158,-14.499275281352382,310
MYZAP,12,11,-14.512211343516483,23
VAMP8,953,1055,-14.601108368649427,2008
USP12,244,234,-14.672874817788356,478
STXBP3,160,158,-14.82077002375381,318
SLC35E3,135,131,-14.856253516405149,266
UXS1,341,377,-14.880432702704724,718
UBAC2-AS1,25,23,-14.89256715774536,48
STOML1,71,69,-14.9137307030814,140
SLC25A28,94,89,-14.958002100876769,183
SPATA13,143,136,-15.012376682732691,279
APLP2,940,1031,-15.022435426833,1971
KEAP1,235,236,-15.13175326952762,471
MRPL30,110,114,-15.19145258835384,224
PSMB5,657,642,-15.221432610233537,1299
TPT1-AS1,107,113,-15.39237542585893,220
CD209,1,1,-15.468177795410156,2
EFCAB14,448,496,-15.469473822642172,944
FAM110D,1,1,-15.48139190673828,2
USP28,95,89,-15.505603976871662,184
ITGB1,596,614,-15.563450761274863,1210
LAMTOR1,721,768,-15.58658844772964,1489
ARCN1,332,333,-15.616928995462288,665
PCGF1,129,128,-15.653024339490372,257
MRPL42,431,422,-15.6824185370281,853
ETHE1,310,339,-15.726967733703518,649
DCLRE1A,26,27,-15.733415135797458,53
WBP1L,182,173,-15.738445400184318,355
TTC17,313,308,-15.794700235560327,621
KITLG,222,239,-15.824550430066154,461
SOAT1,228,242,-15.88302998644241,470
PDIA3,740,812,-15.928458216264076,1552
CAP1,592,533,-15.959952762179904,1125
ACP1,639,644,-15.969448336380497,1283
CCDC93,106,98,-15.972854614257812,204
C15orf40,262,266,-15.989280613985926,528
RSL24D1,566,617,-16.05214800153459,1183
HOMER2,105,96,-16.062035404034518,201
GMFB,166,176,-16.105751729150967,342
ANKRD11,491,524,-16.113834369828552,1015
INTS2,79,79,-16.128168854532362,158
EPS15,270,258,-16.13936135263154,528
PBLD,51,47,-16.206225103261517,98
AGAP5,30,27,-16.211724398428927,57
CEP68,90,82,-16.232773448145664,172
EIF5B,603,651,-16.24808197994932,1254
ATAD3B,123,130,-16.273765594120547,253
TCEANC2,47,49,-16.283085664113358,96
RACGAP1,31,33,-16.29212087392807,64
SERBP1,755,818,-16.38541926476732,1573
PNPLA6,175,188,-16.45925583852552,363
ODF3L2,1,1,-16.6559295654297,2
EMSY,118,111,-16.671022007038502,229
YY1,602,563,-16.69338526582513,1165
SDHAF2,282,259,-16.741758681489443,541
ZNF75A,96,106,-16.910071004735357,202
SPON1,12,11,-16.948014964228094,23
DHX57,90,85,-17.01175096784319,175
MCEE,174,186,-17.034546195136187,360
RAB2B,132,135,-17.052069260386496,267
TRMT5,48,46,-17.07001479128573,94
CNPY2,679,687,-17.251155283580246,1366
PRDM4,91,83,-17.353179580863866,174
TSPAN1,386,368,-17.40839160342432,754
P4HA1,268,275,-17.436789855114007,543
UBL7,194,203,-17.43875927288525,397
GOT1,195,192,-17.451642058616457,387
CCT2,423,407,-17.509706111126633,830
SDHC,611,615,-17.595032565939874,1226
PNMA1,91,97,-17.62529624776637,188
PNKP,227,230,-17.645769198561652,457
EIF2AK3,90,82,-17.70689902194711,172
SNRPF,736,773,-17.806174018511,1509
HTR2A,3,3,-17.820844014485672,6
CTR9,234,237,-17.846187291884362,471
RHOQ,178,166,-17.958526877469794,344
ZNF568,30,30,-17.990557607014978,60
HEXA-AS1,2,2,-18.00403594970703,4
ZNF580,302,324,-18.04231553489027,626
FAAH,135,137,-18.075190347783703,272
DPH5,174,159,-18.181279843991945,333
DNMBP,82,85,-18.19718362043003,167
VPS29,545,575,-18.21673409938812,1120
SHCBP1,5,5,-18.24990386962889,10
ILK,374,348,-18.324961263387152,722
ALG14,130,142,-18.36031072279985,272
DHX38,142,154,-18.361353229832005,296
EFNB2,224,217,-18.388170324485586,441
GGT6,84,82,-18.394582403711524,166
PSMC6,443,403,-18.45064666423392,846
ZMIZ1,123,133,-18.551176726818085,256
BAZ2A,328,307,-18.5579915324534,635
CCDC68,84,76,-18.61308088302613,160
SLC19A2,198,196,-18.61915977594211,394
TNFSF14,86,87,-18.65312238924764,173
ZBTB14,48,49,-18.68461766193822,97
RTN3,503,484,-18.716381992854124,987
DHX33,72,77,-18.724887207850514,149
NBPF26,8,8,-18.814239501953125,16
MGAT2,134,145,-18.840284573134557,279
DGUOK,501,461,-18.856621256489262,962
ZNF468,67,74,-18.9302561333839,141
TMEM160,619,580,-19.00376574569588,1199
UPF3A,385,414,-19.062506025216464,799
GPR108,303,309,-19.196191488527788,612
PLEKHA5,363,368,-19.22005667210277,731
POLR3E,148,142,-19.270975691696684,290
FLVCR1,134,137,-19.278490524010472,271
HS2ST1,121,128,-19.301739581617483,249
BSDC1,303,287,-19.34833787821107,590
DEPDC4,11,11,-19.372427853670985,22
ZNF557,49,51,-19.41069881439209,100
FAM167B,3,3,-19.44751485188803,6
TMEM79,35,32,-19.486188632338795,67
TSNAX,276,249,-19.50483385358538,525
HS3ST3B1,17,16,-19.549641002308235,33
RC3H1,182,190,-19.61242456333612,372
TMEM18,278,297,-19.76384444527004,575
NLRP3,4,4,-19.803446769714355,8
MON2,136,138,-19.89314591623571,274
RCN2,553,601,-19.906873408801843,1154
ATP2A2,539,536,-19.95124394261559,1075
CASP9,54,49,-19.996379518971857,103
SOS1,156,147,-20.004898725956597,303
CAPZA1,464,440,-20.07663172325202,904
PLBD1,90,91,-20.194211591014536,181
TKFC,156,143,-20.24613409138045,299
ADPGK,266,245,-20.269894519664064,511
TOX4,409,421,-20.39973057206855,830
KIN,159,155,-20.40234450322049,314
HENMT1,23,21,-20.478582035411485,44
API5,216,204,-20.520617603120343,420
TMCO1,590,621,-20.67028583050956,1211
SUOX,106,96,-20.69258772972786,202
CROCC,110,121,-20.6968183311033,231
RBMS1,501,519,-20.69853242612353,1020
WARS2,77,78,-20.77060167866369,155
TUBB6,69,64,-20.890576756986448,133
AKAP5,11,10,-20.90980311802456,21
GTF2A2,608,641,-20.975148646138592,1249
FAM138B,1,1,-21.02840423583983,2
SNHG12,231,241,-21.05519410311166,472
ZNF641,58,55,-21.171009435062917,113
SMNDC1,157,152,-21.173981219047867,309
CD1E,3,3,-21.21062342325847,6
ARHGAP35,240,248,-21.22748973721363,488
AP4E1,43,45,-21.259424296292394,88
PCYOX1,354,371,-21.265992631583373,725
RPAP3,108,98,-21.32382376217147,206
DCP1B,52,54,-21.35451406802771,106
JAK1,436,466,-21.42589083584872,902
BLMH,76,74,-21.50534627278647,150
PA2G4,559,585,-21.50681152210369,1144
HCAR1,21,19,-21.651074314117423,40
TPP2,149,163,-21.655251392951374,312
RPL17,661,703,-21.71190943116666,1364
AGO3,242,240,-21.75577845909784,482
RASGRP4,1,1,-21.808067321777344,2
CTNND1,473,508,-21.83148450005674,981
NHLRC3,150,155,-21.87671433745838,305
SERTAD2,256,236,-21.90769463826001,492
ARHGEF11,34,34,-21.936075098374303,68
SLC38A4,2,2,-22.028038024902344,4
ZNF891,29,28,-22.034935532954705,57
PSMA4,589,643,-22.108327583833173,1232
CRK,329,358,-22.17883019815193,687
FBLN5,97,106,-22.20989155886795,203
ING1,210,199,-22.237772831998427,409
HSPA14,127,115,-22.242009880128972,242
SPRY2,217,200,-22.259620483544808,417
MAGI3,333,368,-22.295941982731847,701
GUCA2B,1,1,-22.33036422729492,2
ZNF347,31,33,-22.345917344093323,64
CALCOCO2,297,320,-22.353692962052943,617
IPP,66,63,-22.462808949078703,129
ZNF281,379,381,-22.473946310344505,760
RCAN3,199,212,-22.4931815302865,411
METTL15,214,224,-22.494718020365127,438
ABCD3,331,348,-22.670394425539627,679
GHITM,608,661,-22.68377142651425,1269
CDKN1B,262,249,-22.696031708540048,511
SOCS4,92,86,-22.71878206060174,178
COPS7A,265,249,-22.829783235542507,514
DSTYK,127,117,-22.842071001646943,244
SEC22B,305,285,-22.866879789708022,590
AKAP3,7,7,-22.91142545427596,14
TM2D3,258,273,-22.91174335084618,531
USP34,342,378,-23.13359966807896,720
FCGRT,756,796,-23.30437830797176,1552
DCTN1,216,234,-23.39108844333225,450
TULP3,130,131,-23.46515059197086,261
SYTL1,296,301,-23.51390052041416,597
PLPP3,192,211,-23.57085436686097,403
PIK3C2A,244,246,-23.61145070912886,490
FAM98B,145,148,-23.66433413769198,293
COX10,59,63,-23.738290505331065,122
SYT11,9,9,-23.749831941392685,18
TPGS2,391,360,-23.85717824232404,751
RAB18,405,418,-23.86122671801729,823
ERMAP,42,40,-23.94542005585461,82
CA11,93,100,-23.9744013257595,193
EXPH5,308,334,-23.987399199298608,642
RNMT,294,308,-23.991981265552816,602
PRX,95,100,-24.02059373121996,195
TRMT13,92,93,-24.09144928390916,185
FAM177A1,758,839,-24.099749221754,1597
ARID1A,417,388,-24.118151495323417,805
BAZ1A,518,499,-24.17407668422221,1017
RNPEP,390,373,-24.211080388660363,763
TRIM44,367,375,-24.25240935148254,742
TIAL1,355,365,-24.28717192014058,720
ODF2L,509,463,-24.53188910307708,972
DEXI,225,208,-24.55537046295941,433
EXOC5,166,153,-24.760054645119787,319
TXNL1,474,523,-24.78907617475228,997
B3GLCT,40,42,-24.82097476866187,82
UTP14C,125,126,-24.90502215381639,251
CDAN1,26,26,-24.91646773998553,52
NBPF11,64,62,-24.96646977984716,126
MZT1,184,192,-25.098893713443843,376
SRRM2,789,861,-25.25890816428444,1650
AP1M2,396,392,-25.345953665408985,788
AGBL5,106,103,-25.36164253636412,209
CYP2E1,2,2,-25.385948181152344,4
SLIRP,735,774,-25.389660157139843,1509
WBP4,261,253,-25.467982666965582,514
ADPRM,46,47,-25.488857228268856,93
ACIN1,360,346,-25.500034932036577,706
ZNF518A,167,169,-25.570745990389867,336
RBM45,49,48,-25.624826096996827,97
ZNF10,49,45,-25.629948514573115,94
MTR,128,127,-25.65699687284581,255
SRSF8,400,437,-25.666426336181345,837
HSP90B1,830,898,-25.782900713108205,1728
ARL5C,1,1,-25.800930023193374,2
WIPI1,184,198,-25.901572422207337,382
GNS,327,356,-25.90456225617216,683
TEAD1,228,250,-25.929557058102915,478
OASL,39,36,-25.954957275390623,75
POSTN,2,2,-25.97006225585937,4
CLIP1,384,422,-26.008330891800878,806
MRPS9,169,157,-26.021849801935304,326
DHRS7,523,537,-26.03506793615952,1060
USP33,181,176,-26.05820001340379,357
CHKA,261,288,-26.073442170745917,549
DCAF5,262,266,-26.294438058679745,528
MKS1,66,73,-26.407031024960304,139
MRPL51,795,798,-26.43710869778945,1593
ILVBL,209,201,-26.445833745816856,410
ATL2,219,200,-26.495545089102592,419
TRAC,46,47,-26.5019754389281,93
ZBTB37,60,61,-26.56360323567036,121
ZNF549,4,4,-26.659099578857425,8
GTF2F2,250,267,-26.669118722587317,517
HEXIM1,498,538,-26.66960727662193,1036
OSGEP,192,208,-26.725839557647703,400
PRKCH,109,112,-26.80697566243859,221
RNF103,192,198,-26.81844761188213,390
NEK9,123,126,-26.83171245467711,249
SLC4A5,47,43,-26.850718943278,90
ZNF503,305,311,-26.855991784628344,616
S1PR1,3,3,-26.94530614217122,6
ENO1,897,969,-26.95479342101855,1866
RSRC2,547,603,-26.95644145136294,1150
LINC00115,13,12,-26.96127258300781,25
MAN1A2,269,266,-27.231388797938266,535
NRDE2,176,185,-27.36793739974003,361
POLE4,570,588,-27.416607387325318,1158
KRCC1,349,364,-27.50660092432736,713
EPCAM,890,932,-27.51039468784102,1822
SH3GLB1,463,452,-27.67648990818712,915
WSB2,201,202,-27.713811472095276,403
SFR1,82,85,-27.726573373029325,167
PEX19,190,175,-27.729965147253598,365
JRKL,53,55,-27.759138107299805,108
LOH12CR2,19,21,-27.782332611083987,40
ANAPC5,334,358,-27.84786855554306,692
ARMC6,128,127,-27.93239530675551,255
TXNL4B,66,68,-27.9474145690007,134
BCAS2,342,320,-27.957221212704013,662
C12orf73,123,112,-27.968086210210277,235
GALNT3,336,325,-27.984599461173147,661
RPP38,199,215,-27.988599731150455,414
RB1,144,150,-28.019105158695552,294
IRAK4,74,81,-28.07430287022745,155
PWP1,225,237,-28.12137436969972,462
TP53I11,307,313,-28.128504636210774,620
ANGPTL7,1,1,-28.214393615722656,2
MAP3K2,337,372,-28.28177833826149,709
AQP8,1,1,-28.354190826416016,2
RAVER2,52,52,-28.396979258610656,104
SLC36A4,142,145,-28.423869169547583,287
ATF5,124,127,-28.597889113711176,251
FOXN2,71,70,-28.61991030104617,141
KDM5A,328,311,-28.667584026736648,639
OSBPL8,257,237,-28.679736936623264,494
MYO1F,49,54,-28.70094362277428,103
VAC14,121,134,-28.721178077248965,255
SEPHS1,147,138,-28.75924430981017,285
PGBD4,22,20,-28.86238025483631,42
ALG5,398,400,-28.923189483489608,798
METTL9,483,493,-29.00371556203873,976
RAB29,167,171,-29.17993613248745,338
BOLA3,489,498,-29.24079409969373,987
MSH4,1,1,-29.31478881835937,2
PPP1CB,643,687,-29.369257314581617,1330
NRDC,269,298,-29.40158104602201,567
PPCS,514,557,-29.43290829057453,1071
ZFAND4,32,32,-29.52505075931549,64
TRIM68,50,50,-29.57071846008301,100
SGMS1,293,277,-29.651988655224187,570
RALBP1,477,431,-29.67922404369068,908
GOLT1A,251,256,-29.685952496951856,507
STARD7,322,341,-29.759126562518414,663
TMOD4,1,1,-29.78675842285156,2
TOR1AIP2,480,496,-29.858528156749543,976
BEST1,107,111,-29.888075137357102,218
CLPTM1,313,309,-29.969665140967663,622
AP2B1,386,348,-30.013806460014152,734
RPGRIP1L,77,81,-30.298060887976533,158
UNC50,332,332,-30.314451137221,664
VAMP1,23,25,-30.3240008354187,48
GFPT1,343,336,-30.32784324050476,679
SUDS3,354,336,-30.427324223172832,690
CWF19L2,181,176,-30.44461145053724,357
FBXL3,211,195,-30.498871479128383,406
SEZ6,4,4,-30.61757183074951,8
CXXC1,134,144,-30.63214232081133,278
RNF2,99,91,-30.751863278840723,190
GAREM1,211,217,-30.872773954801477,428
IWS1,267,252,-30.878241801767217,519
SFXN2,51,54,-30.91888820103237,105
CWC15,531,509,-30.976517039078928,1040
NUTM2A-AS1,104,109,-30.99195226033529,213
SCAF11,539,579,-30.998388191455163,1118
GTDC1,38,40,-31.024043743426983,78
RAB8B,70,72,-31.105856505917828,142
PRKRA,370,400,-31.156160780671364,770
TTR,1,1,-31.20679473876953,2
FBXO34,248,256,-31.25514093277947,504
REXO2,569,577,-31.34581014290322,1146
MON1B,187,178,-31.368271208462644,365
MCU,188,177,-31.41529497120478,365
MACF1,553,598,-31.42423125001061,1151
LYPLAL1,252,240,-31.442675381171995,492
SLC35C1,152,138,-31.460732703373356,290
NECAP1,133,143,-31.495436461075485,276
ACADSB,193,212,-31.68751976107373,405
PSMD14,335,317,-31.864995283583184,652
RSU1,312,319,-31.91310081542388,631
C1RL,206,228,-32.14395925636116,434
PEX13,232,257,-32.155785035989524,489
TGIF1,460,479,-32.17156518483186,939
ARPP19,477,449,-32.1847498216073,926
METTL25,47,48,-32.20349715383429,95
ALDH4A1,50,45,-32.224915996350745,95
PUS7L,143,134,-32.32047617392419,277
ZC3H12A,299,289,-32.40204127305219,588
UGP2,480,477,-32.402526153915225,957
TCTN3,149,145,-32.458063917095146,294
ZNF268,107,105,-32.53030528662339,212
STRN,101,95,-32.53708218555062,196
MPHOSPH8,552,603,-33.251271618599496,1155
SPTY2D1,238,228,-33.37361406154387,466
MYO5C,294,274,-33.441649665295245,568
PSMC1,435,421,-33.44913443895143,856
DCAF11,290,318,-33.517027654145906,608
VPS13C,270,283,-33.66134575262639,553
OGFOD1,98,90,-33.84713734971716,188
SULT1A4,1,1,-33.88747024536133,2
MITD1,175,177,-33.90715237097307,352
TPR,493,447,-33.917452832485765,940
NPIPB4,5,5,-34.00544433593751,10
RNF141,354,319,-34.08098357995587,673
BIRC2,300,277,-34.08203069465412,577
ANKRD13A,262,237,-34.09362663773592,499
DNAJC27,62,67,-34.17420223147369,129
WBP11,322,326,-34.455943719840334,648
RPAP2,136,130,-34.55512429717788,266
SETDB2,55,52,-34.63741288229684,107
SNRNP27,289,286,-34.65739624023438,575
PSMD7,434,454,-34.6882669689419,888
LRRC28,86,86,-34.76756082579148,172
ACTR3,462,472,-34.8803406619413,934
KATNBL1,246,269,-34.92298124739267,515
THRA,192,174,-34.96789031732277,366
ALKBH8,40,42,-35.05024663413444,82
BTBD7,224,210,-35.110792502829554,434
RRAS2,288,310,-35.180175360229896,598
FBXO3,159,155,-35.73253934094861,314
NUDT13,13,12,-35.873103332519534,25
TRIM69,99,102,-36.20217512140226,201
TAF3,184,194,-36.60503846627695,378
MTIF3,412,439,-36.76419446611236,851
USP30,49,49,-36.77709618393256,98
EIF2AK4,289,287,-36.88806821240319,576
VPS26A,280,279,-36.91559156578214,559
ORMDL2,456,426,-37.149909134084126,882
PTCD3,177,182,-37.25476235732395,359
VWA8,48,46,-37.3005388138142,94
GDF10,1,1,-37.42294692993164,2
C10orf53,1,1,-37.44314193725586,2
ARHGEF18,1,1,-37.5833625793457,2
HNRNPU,751,763,-37.6451427353893,1514
SMAD6,50,53,-37.691758091009945,103
SAFB2,340,311,-37.72211622715729,651
NPIPB15,92,92,-37.86946159860362,184
GPATCH2,206,201,-37.98120402118205,407
APOA4,1,1,-38.02082824707031,2
ERGIC2,386,350,-38.17718551469886,736
LINC01572,1,1,-38.58871841430664,2
COTL1,201,201,-38.68305842081705,402
CASP1,134,129,-38.81225200116408,263
CCAR1,352,352,-38.89388470216231,704
SAE1,221,214,-39.34067167084794,435
SEL1L,192,173,-39.55436807919855,365
SLC44A3,148,141,-39.554539109596334,289
SNX7,164,171,-39.59566247285302,335
MED6,186,197,-39.68691164021702,383
SERGEF,125,124,-39.706377266880025,249
C18orf25,100,91,-39.891825591082345,191
ZDHHC16,296,277,-39.90899101643454,573
KTN1-AS1,9,9,-40.15695020887587,18
THNSL1,26,24,-40.22611557006836,50
SLC3A2,385,413,-40.26613671439034,798
MPZL2,598,596,-40.34425612789903,1194
ZNF765,41,41,-40.38728490689907,82
TOR1AIP1,231,245,-40.427796964885815,476
KRT40,2,2,-40.46542739868164,4
CLEC4M,1,1,-40.500919342041016,2
KCTD3,89,85,-40.653808637597095,174
LINC00667,192,195,-41.22129825720184,387
FAT3,2,2,-41.59454917907715,4
POMGNT1,192,179,-41.8375537594695,371
RNF169,151,145,-41.84559748623823,296
POLR1B,41,44,-41.92242000804228,85
MPP7,255,270,-41.95723964872814,525
TIGAR,55,61,-41.986597192698525,116
CCDC7,27,25,-42.04540663499098,52
PSMC5,598,574,-42.11549078645153,1172
MAP4K4,216,210,-42.29650991735324,426
COPB1,346,345,-42.31138290648177,691
CHTF8,278,296,-42.61766565302939,574
CHMP3,545,602,-42.96696912171848,1147
TNKS2,239,260,-43.0864885976176,499
AAK1,254,263,-43.37706963190489,517
FBXW4,280,269,-43.49712230772703,549
DNAJC1,434,442,-43.50803252442242,876
USP22,359,397,-43.69646539637651,756
COMMD3,307,331,-43.77215993516496,638
COMMD9,206,193,-43.78175777540469,399
FAM187B,4,4,-43.87486743927002,8
DDR2,25,24,-43.92247024847536,49
PLEKHO1,58,54,-43.92944850240435,112
SETD3,285,278,-44.13614921502068,563
ANKRD49,114,125,-44.31927601961911,239
PIGK,121,109,-44.32936520783797,230
GALNT1,245,237,-44.46481467282624,482
NSRP1,382,413,-44.468012050412725,795
EXOC6,97,89,-44.47773361206055,186
SSBP3,248,273,-44.70526711725685,521
URI1,274,283,-45.27466969515734,557
AGPS,111,101,-45.32147713427274,212
DDAH1,496,483,-45.48563188624941,979
LINC00865,26,26,-45.55783418508675,52
RCOR3,181,195,-45.57690414469293,376
NAGK,208,194,-45.97322283692623,402
PPP1R12A,257,272,-46.174948593168494,529
KRT39,1,1,-46.29751205444336,2
MUS81,114,117,-46.31662043451748,231
CHMP1B,417,456,-46.41142388307762,873
RDH13,120,126,-46.76219084204697,246
INHBB,101,97,-46.81716660778932,198
RBBP6,459,506,-46.9554504236409,965
SLF2,97,95,-47.15199490388235,192
BBOX1,10,10,-47.1871955871582,20
DYNC1I2,411,423,-47.19550205935106,834
PLGLB1,10,10,-47.399782562255865,20
MT1X,298,331,-47.7617309946324,629
RNASE1,894,990,-47.92198583477369,1884
ERN1,251,245,-48.16252854562576,496
ZNF221,1,1,-48.21768760681152,2
NUDT15,132,138,-48.42531596996166,270
DHRS3,419,428,-48.48818255427878,847
CCNB1IP1,269,246,-48.57819756072702,515
ATP6V1D,434,480,-48.74637726881832,914
SIAH1,153,144,-49.28967747543797,297
RAB11A,651,642,-49.33594529755983,1293
ZBTB25,86,94,-49.355706363254114,180
MCTP2,164,160,-49.410622208206746,324
COPS2,270,278,-49.41224177562407,548
CYP2C18,16,15,-49.444505753055694,31
HEATR5B,73,77,-49.45826360066732,150
PRR4,88,86,-49.551190781867376,174
TBRG1,305,307,-49.588869992424456,612
YAP1,417,435,-49.65848634388525,852
ORC4,183,196,-50.045580458829775,379
SUGT1,301,308,-50.31506098980583,609
ZNF286A,14,15,-50.50341744258486,29
ABCC2,5,5,-50.57664718627929,10
C2CD4B,30,29,-50.72697151313394,59
SOX21,5,5,-50.7661750793457,10
USP7,240,229,-50.84905534105769,469
ZRANB1,163,149,-50.86404668367827,312
NTRK3,1,1,-51.039207458496094,2
PDIA6,712,766,-51.04855802481811,1478
EXOSC6,193,193,-51.18241662929712,386
LINS1,62,68,-51.39867987999549,130
JMJD8,228,215,-51.46436203037375,443
C12orf29,91,84,-51.50919442313058,175
LAYN,19,20,-51.62394156822791,39
HEXA,373,378,-51.68510712320096,751
C1QTNF9,2,2,-51.71705627441406,4
GNG12-AS1,3,3,-51.77557754516603,6
UFM1,524,478,-52.32446280686918,1002
NEDD1,88,92,-52.61378345489501,180
SHOC2,229,243,-52.72764967255672,472
PTCSC3,1,1,-52.95136642456055,2
ATF2,167,156,-52.96367529523632,323
MGP,258,281,-52.97001461106905,539
PIGF,256,250,-53.05174395595144,506
TTC36,6,6,-53.05717150370279,12
RTF1,602,583,-53.06750911599976,1185
PRCP,133,124,-53.13490755548736,257
GTF2A1,121,112,-53.5507007975435,233
LIMS2,27,26,-53.56104696021892,53
DIS3,175,191,-53.90916567943136,366
KIAA0513,73,69,-54.11622625001719,142
TMEM30B,364,387,-54.12572811446718,751
CHORDC1,190,179,-54.492159081022265,369
SUCO,186,182,-54.57914196926615,368
RBM7,314,342,-54.64768838882445,656
GALNT5,163,171,-55.08012705363201,334
DOCK7,89,85,-55.17664622164321,174
LINC00457,1,1,-55.20412063598633,2
TADA1,48,44,-55.33032848524011,92
ARHGAP5,371,384,-55.33602916389111,755
C2orf49,100,102,-55.50938077492288,202
NDFIP2,263,285,-55.6698055267334,548
ETS1,90,83,-55.782016467496845,173
ST8SIA5,1,1,-55.81443786621094,2
FAM107B,440,402,-55.85350050665704,842
TMTC1,7,7,-56.41836656842913,14
CDK10,237,233,-56.66128041693504,470
CXCR4,129,127,-56.719177439808846,256
NPL,79,74,-56.91478729248046,153
LINC01152,4,4,-57.21523761749268,8
LINC00566,1,1,-57.65435791015624,2
GSC,1,1,-57.65675354003906,2
LGALS8,287,314,-57.77422542222921,601
MS4A2,6,6,-58.02755069732667,12
MYH14,391,418,-59.55409350589709,809
FMO1,1,1,-59.89381790161133,2
N4BP1,200,218,-59.95648932571048,418
SLC38A1,302,295,-60.177225122499706,597
ARHGAP29,218,233,-60.31646794490433,451
EIF4EBP2,352,391,-60.34123296724836,743
SLFN11,47,48,-60.45664725052684,95
TP53I3,308,342,-61.276253415621255,650
TLE3,177,182,-61.54281718219556,359
LITAF,587,611,-62.012022703040216,1198
TNFSF13B,65,59,-62.05115712073541,124
BAZ2B,362,377,-62.075264937177565,739
SCNN1A,435,460,-62.23094174688755,895
NOS2,1,1,-63.14356994628906,2
RNASE6,32,30,-63.33672074348695,62
RHD,1,1,-64.04777145385742,2
NOXRED1,3,3,-64.28319549560547,6
CUTC,107,112,-64.33630169036726,219
HEATR4,1,1,-64.42408752441406,2
SERPINB4,1,1,-64.47124481201172,2
SEC16B,14,14,-65.10030392238072,28
SERTAD4,112,105,-65.2769297235023,217
CHAC2,43,43,-65.36495599081348,86
SELL,13,12,-65.93020599365234,25
NAV2-AS3,11,11,-66.21184695850718,22
LIPJ,1,1,-66.22745132446289,2
ATF3,634,687,-66.31942075603754,1321
BMI1,183,191,-66.74444217987877,374
CREBZF,207,188,-66.82404744594913,395
NBPF19,69,73,-66.9247775547941,142
VWA5A,167,155,-66.99378074029958,322
FCRL1,4,4,-67.6969747543335,8
GANAB,347,323,-68.34227101340221,670
LYG2,2,2,-68.8085527420044,4
MNAT1,271,295,-70.17849998339327,566
MBNL2,291,272,-70.21358136978286,563
ST6GALNAC5,14,14,-70.5564204624721,28
CLEC6A,1,1,-70.60637664794922,2
C10orf55,2,2,-70.68548965454102,4
AMY2B,34,31,-71.14111926739032,65
EHBP1,109,113,-71.78072907044007,222
DDX18,538,495,-72.57414070565149,1033
ITGA10,29,30,-72.98752451751191,59
MAPK6,221,221,-73.24906990431013,442
RPL10L,1,1,-73.33133316040039,2
LINC00426,1,1,-73.53912353515625,2
FSD2,2,2,-73.91407585144043,4
THSD1,12,11,-74.91059278405231,23
ACSF3,99,100,-75.01800008035785,199
AMY1A,1,1,-75.87265014648438,2
ATAD1,193,204,-75.88684650872756,397
CCL7,1,1,-76.29165649414062,2
GBP3,175,163,-76.39764522800783,338
CFHR1,2,2,-76.64907836914062,4
ROCK2,225,214,-77.01991642146014,439
PTPN2,354,380,-77.45579978880505,734
CD1A,1,1,-79.81969451904297,2
SPDYA,22,20,-79.98196065993535,42
LINC01355,10,10,-81.93827705383302,20
PMCH,1,1,-82.05915832519531,2
TMEM123,678,628,-82.4077874690431,1306
CNEP1R1,37,37,-82.5180555292078,74
GSTO1,494,541,-83.42566008636916,1035
OVGP1,13,14,-84.90647746898509,27
IGKV3-15,1,1,-85.33394241333008,2
SLC14A2,2,2,-85.90769290924072,4
CARD16,225,227,-87.09854829838844,452
SENP8,24,25,-88.21467029805086,49
EIF3F,807,868,-92.2485972891281,1675
TRIM22,239,253,-92.59722823631472,492
LINC01480,5,5,-92.70364837646484,10
ITFG1,297,323,-93.01132631609516,620
CD69,66,73,-95.20547540239292,139
STX3,336,319,-97.35300821784796,655
SLC44A5,13,12,-99.48474639892578,25
KLF5,621,681,-99.964780247889,1302
PTPRF,577,591,-102.56906689029852,1168
ISG20,439,408,-107.634098003437,847
RBM17,408,414,-107.97796367264722,822
MTMR2,78,83,-111.64033967959956,161
PPP3R1,58,54,-112.4240925993238,112
CCL3,192,205,-112.60431258924665,397
PIGV,89,92,-112.71154736682196,181
CFHR3,1,1,-113.0198860168457,2
VRK2,76,69,-113.66712756979057,145
OSBPL9,319,325,-115.0945561924336,644
CATSPERB,15,14,-115.10269822745488,29
KRTAP3-1,52,57,-133.4724270881863,109
SLC9A1,173,191,-148.12310885335063,364
KC6,2,2,-229.16439819335935,4
